StudentID,Gender,Age,SchoolType,ParentalEducation,StudyHours,AttendancePercent,ExtraClasses,InternetAccess,PreviousScore,TestPrepCourse,SocioeconomicStatus,Score,Pass
STUD10000,Male,18,Public,Associate,0.0,74.2,Yes,Yes,38.2,None,Low,28.6,0
STUD10001,Female,17,Public,High School,6.2,54.9,Yes,Yes,65.2,Completed,Middle,72.1,1
STUD10002,Female,18,Public,Associate,5.3,86.8,No,Yes,84.7,None,Middle,76.3,1
STUD10003,Female,16,Public,Associate,0.0,90.8,No,Yes,78.2,None,Low,54.7,1
STUD10004,Male,14,Public,Master,0.0,84.0,Yes,Yes,63.9,None,High,67.6,1
STUD10005,Male,19,Private,Bachelor,0.0,94.3,No,No,81.9,None,Middle,67.6,1
STUD10006,Male,16,Public,High School,4.8,71.8,Yes,Yes,67.9,None,Middle,81.0,1
STUD10007,Female,16,Public,High School,5.0,83.3,No,Yes,79.7,None,Middle,79.7,1
STUD10008,Female,15,Public,Bachelor,1.7,82.5,No,Yes,40.1,None,Middle,48.4,0
STUD10009,Female,15,Public,Associate,4.5,83.9,No,Yes,46.3,None,Middle,63.2,1
STUD10010,Male,15,Public,High School,3.8,96.7,Yes,Yes,75.9,Completed,Middle,72.8,1
STUD10011,Female,19,Public,Associate,2.8,84.0,No,Yes,88.1,None,Middle,61.5,1
STUD10012,Female,15,Public,Bachelor,5.4,82.1,No,Yes,71.3,None,Middle,82.4,1
STUD10013,Male,18,Private,Bachelor,1.1,75.6,Yes,Yes,57.5,None,Low,40.5,0
STUD10014,Male,17,Private,Associate,5.8,98.3,Yes,No,52.2,None,Middle,79.7,1
STUD10015,Male,14,Public,Associate,2.0,70.7,No,Yes,60.3,Completed,Middle,61.8,1
STUD10016,Male,16,Public,Bachelor,7.1,79.5,No,No,83.2,None,Middle,84.8,1
STUD10017,Female,18,Private,Bachelor,1.5,100.0,No,Yes,59.9,None,Low,54.3,1
STUD10018,Male,14,Public,Bachelor,2.8,89.7,No,Yes,80.7,None,High,77.4,1
STUD10019,Male,18,Public,High School,3.6,84.8,No,No,74.8,Completed,Middle,66.2,1
STUD10020,Female,18,Private,High School,3.6,85.2,Yes,Yes,90.7,Completed,Middle,85.0,1
STUD10021,Male,16,Public,Bachelor,4.5,75.5,Yes,No,68.0,None,Middle,76.9,1
STUD10022,Male,17,Public,Bachelor,0.9,84.3,No,Yes,64.3,None,Middle,48.0,0
STUD10023,Male,15,Public,Master,3.4,81.5,No,Yes,81.5,Completed,Middle,74.7,1
STUD10024,Male,19,Public,Bachelor,3.8,86.8,No,Yes,51.0,Completed,Middle,64.8,1
STUD10025,Female,17,Public,Bachelor,2.4,69.9,No,Yes,58.3,Completed,Middle,66.6,1
STUD10026,Male,19,Private,Bachelor,4.3,89.0,No,Yes,39.8,Completed,Middle,65.8,1
STUD10027,Female,16,Public,Master,0.8,95.2,No,Yes,46.2,Completed,Middle,40.4,0
STUD10028,Female,16,Public,Associate,2.8,83.0,No,Yes,93.9,None,Middle,75.0,1
STUD10029,Male,16,Private,Bachelor,2.0,91.5,No,No,75.4,None,Middle,70.8,1
STUD10030,Female,14,Public,Associate,2.9,88.1,Yes,Yes,44.4,Completed,High,57.6,1
STUD10031,Male,19,Public,High School,6.4,78.9,No,Yes,82.9,None,Middle,77.6,1
STUD10032,Male,17,Private,Bachelor,6.4,74.4,Yes,Yes,54.4,Completed,High,76.2,1
STUD10033,Female,17,Public,Bachelor,6.0,75.8,No,Yes,74.6,Completed,Low,78.6,1
STUD10034,Female,18,Private,Bachelor,2.6,87.9,No,No,74.4,Completed,Middle,66.3,1
STUD10035,Female,18,Private,Master,5.3,84.4,No,Yes,90.0,None,Middle,93.0,1
STUD10036,Male,18,Public,Associate,3.7,97.8,No,Yes,56.9,Completed,Middle,62.6,1
STUD10037,Male,16,Public,High School,3.6,92.9,Yes,Yes,53.9,None,Middle,55.7,1
STUD10038,Female,17,Private,Master,3.3,92.9,Yes,Yes,24.7,Completed,Middle,52.7,1
STUD10039,Male,19,Public,Bachelor,7.0,87.6,No,No,63.2,Completed,Low,90.0,1
STUD10040,Male,16,Private,High School,6.2,75.4,No,Yes,75.9,Completed,Middle,84.0,1
STUD10041,Female,14,Public,High School,5.0,88.3,Yes,No,77.9,None,Low,79.1,1
STUD10042,Male,18,Public,Bachelor,3.2,85.6,No,Yes,83.8,None,Middle,77.5,1
STUD10043,Female,16,Public,High School,3.6,73.6,No,No,69.3,None,Low,55.1,1
STUD10044,Male,16,Private,High School,4.6,97.1,No,Yes,72.6,Completed,Low,70.3,1
STUD10045,Female,14,Private,High School,2.5,96.0,Yes,No,66.0,Completed,Low,59.3,1
STUD10046,Male,15,Public,Bachelor,5.4,73.6,No,No,75.6,Completed,Middle,87.7,1
STUD10047,Female,17,Public,Master,1.7,78.6,No,No,51.0,Completed,Middle,58.8,1
STUD10048,Female,19,Private,Bachelor,4.3,79.5,No,Yes,43.9,None,High,53.0,1
STUD10049,Male,15,Public,No Formal Education,0.0,91.1,No,Yes,52.6,Completed,Low,48.2,0
STUD10050,Female,18,Public,Bachelor,2.4,89.9,No,Yes,68.2,Completed,Middle,66.7,1
STUD10051,Female,16,Public,Associate,7.7,85.4,No,Yes,45.5,None,Middle,76.6,1
STUD10052,Female,14,Public,Associate,5.6,87.7,Yes,Yes,55.5,None,Middle,78.0,1
STUD10053,Female,14,Private,Master,6.6,72.1,Yes,Yes,56.0,None,Middle,61.4,1
STUD10054,Female,17,Public,Bachelor,2.2,88.8,Yes,Yes,76.7,Completed,Low,73.6,1
STUD10055,Female,15,Public,Associate,3.7,84.0,Yes,Yes,74.9,None,Middle,71.5,1
STUD10056,Male,17,Public,High School,6.1,78.2,No,Yes,66.1,Completed,Middle,61.6,1
STUD10057,Male,16,Private,Bachelor,4.8,69.7,No,Yes,71.8,None,Low,63.2,1
STUD10058,Male,17,Public,Bachelor,4.5,85.3,No,Yes,72.1,None,Middle,72.4,1
STUD10059,Male,19,Public,Bachelor,6.8,88.6,Yes,Yes,59.5,None,Middle,85.7,1
STUD10060,Male,14,Public,High School,1.4,68.0,No,Yes,56.9,Completed,Middle,49.6,0
STUD10061,Male,14,Private,Associate,3.1,85.2,Yes,Yes,88.1,None,Middle,78.4,1
STUD10062,Female,18,Public,Master,0.0,86.2,Yes,No,27.7,Completed,Middle,40.0,0
STUD10063,Male,18,Public,Bachelor,1.3,79.5,Yes,No,53.9,None,Middle,60.6,1
STUD10064,Male,16,Public,Associate,5.6,88.8,No,No,61.9,None,Middle,76.2,1
STUD10065,Female,19,Public,Bachelor,1.7,83.7,Yes,No,73.4,None,Middle,67.2,1
STUD10066,Male,15,Public,No Formal Education,5.0,87.8,No,Yes,82.0,None,Middle,66.7,1
STUD10067,Female,17,Private,Bachelor,6.8,90.3,Yes,Yes,92.9,None,Middle,98.4,1
STUD10068,Male,16,Public,High School,3.1,90.3,No,Yes,63.6,Completed,Low,79.0,1
STUD10069,Other,18,Private,Associate,4.5,95.2,No,Yes,64.6,None,Middle,76.1,1
STUD10070,Female,17,Public,Master,5.0,88.4,No,Yes,70.4,None,Middle,74.4,1
STUD10071,Male,18,Private,Associate,1.1,80.2,No,Yes,57.0,None,Middle,62.1,1
STUD10072,Male,17,Public,No Formal Education,2.3,78.5,No,Yes,47.2,None,High,42.8,0
STUD10073,Female,15,Public,Associate,1.5,74.4,No,Yes,63.6,None,Middle,59.0,1
STUD10074,Female,16,Private,Master,2.4,86.5,No,Yes,76.2,Completed,Low,70.7,1
STUD10075,Female,17,Private,Associate,4.9,98.2,Yes,Yes,61.4,None,Low,72.0,1
STUD10076,Female,19,Public,Master,2.3,81.4,Yes,Yes,71.2,Completed,Low,70.4,1
STUD10077,Male,14,Public,Bachelor,3.4,89.5,Yes,Yes,37.0,None,Middle,54.5,1
STUD10078,Male,19,Private,Associate,1.4,77.5,No,Yes,65.3,None,Middle,53.4,1
STUD10079,Male,19,Public,High School,6.0,86.9,No,Yes,58.9,Completed,High,69.9,1
STUD10080,Female,14,Private,Master,2.4,97.6,No,No,45.9,None,Middle,51.3,1
STUD10081,Female,19,Private,Associate,6.5,91.9,No,Yes,74.9,None,Middle,85.8,1
STUD10082,Male,17,Public,Master,3.6,69.3,No,Yes,92.7,None,Middle,76.5,1
STUD10083,Male,17,Public,Master,0.7,90.7,No,Yes,79.8,Completed,High,68.4,1
STUD10084,Male,17,Public,Associate,3.2,91.2,No,Yes,80.8,Completed,Middle,93.4,1
STUD10085,Male,14,Public,Bachelor,1.4,86.7,Yes,Yes,75.7,None,Middle,81.7,1
STUD10086,Female,19,Public,Associate,4.7,91.7,No,Yes,74.7,Completed,Middle,83.0,1
STUD10087,Female,14,Private,High School,3.0,76.7,Yes,Yes,38.0,None,Middle,52.7,1
STUD10088,Female,17,Public,High School,3.8,85.6,No,No,63.1,None,Middle,59.0,1
STUD10089,Male,19,Private,High School,2.8,96.1,Yes,No,72.6,Completed,Low,61.6,1
STUD10090,Male,19,Public,Bachelor,2.4,95.2,No,Yes,73.0,None,Low,64.1,1
STUD10091,Female,18,Public,Bachelor,1.6,90.5,No,Yes,84.1,None,Middle,70.6,1
STUD10092,Female,18,Public,Associate,5.2,76.2,Yes,Yes,49.5,None,Middle,69.1,1
STUD10093,Female,15,Public,Bachelor,3.2,74.6,Yes,Yes,74.1,Completed,Low,59.8,1
STUD10094,Female,16,Public,Bachelor,2.9,86.1,No,Yes,49.0,None,Middle,70.2,1
STUD10095,Female,18,Public,High School,3.1,86.8,No,Yes,61.8,Completed,Middle,65.1,1
STUD10096,Female,14,Private,Bachelor,2.1,84.0,No,Yes,64.1,None,Middle,51.9,1
STUD10097,Male,18,Public,Master,2.9,77.0,No,Yes,77.9,Completed,Middle,75.9,1
STUD10098,Male,15,Public,High School,3.9,89.4,Yes,Yes,76.2,None,Low,65.2,1
STUD10099,Male,19,Public,High School,1.4,86.1,No,Yes,66.8,None,Low,47.4,0
STUD10100,Male,15,Public,High School,1.7,87.9,No,Yes,32.7,None,Low,31.4,0
STUD10101,Female,19,Public,High School,6.3,90.9,No,No,71.7,None,Middle,77.7,1
STUD10102,Male,19,Public,Bachelor,2.8,82.3,Yes,Yes,61.0,Completed,Middle,79.8,1
STUD10103,Female,16,Public,High School,2.4,80.1,No,Yes,85.9,None,Middle,69.1,1
STUD10104,Female,18,Public,Master,0.8,96.1,No,Yes,82.3,Completed,Middle,76.7,1
STUD10105,Male,14,Public,Associate,5.2,77.4,No,Yes,50.9,Completed,High,76.4,1
STUD10106,Male,14,Private,Bachelor,1.4,80.3,No,No,73.7,Completed,Middle,64.6,1
STUD10107,Female,17,Public,No Formal Education,3.5,97.3,No,Yes,74.0,None,Low,55.5,1
STUD10108,Male,19,Public,Bachelor,0.1,79.5,No,Yes,72.9,None,Low,44.2,0
STUD10109,Male,14,Public,Bachelor,5.1,84.0,Yes,Yes,71.0,None,Low,73.4,1
STUD10110,Male,16,Public,No Formal Education,5.9,80.9,No,Yes,74.5,None,Middle,78.9,1
STUD10111,Male,19,Private,High School,4.5,67.2,No,Yes,87.5,None,Low,77.8,1
STUD10112,Female,16,Public,Associate,0.4,83.8,Yes,Yes,56.7,None,Low,49.2,0
STUD10113,Female,14,Public,High School,5.2,74.9,No,Yes,51.4,Completed,High,70.8,1
STUD10114,Female,14,Public,Bachelor,1.8,87.5,No,Yes,76.7,None,Middle,66.2,1
STUD10115,Female,17,Public,High School,1.2,96.1,Yes,Yes,36.7,Completed,Low,41.5,0
STUD10116,Female,14,Public,Master,2.7,62.9,No,No,74.8,Completed,Low,62.4,1
STUD10117,Male,19,Public,Master,2.7,80.9,No,Yes,72.2,None,Low,57.3,1
STUD10118,Female,19,Private,Master,2.5,89.5,Yes,Yes,29.8,None,High,65.6,1
STUD10119,Female,19,Public,Bachelor,6.0,63.2,Yes,Yes,55.5,None,Middle,71.4,1
STUD10120,Female,17,Public,Bachelor,7.5,98.4,No,Yes,88.6,Completed,Middle,98.3,1
STUD10121,Female,17,Public,High School,0.8,88.8,No,Yes,43.1,Completed,High,60.4,1
STUD10122,Male,14,Public,Bachelor,2.1,95.8,Yes,Yes,68.2,None,Middle,79.7,1
STUD10123,Male,15,Public,Associate,3.8,79.4,No,Yes,49.9,None,Low,71.5,1
STUD10124,Male,15,Private,Bachelor,2.7,80.6,No,Yes,54.4,Completed,Middle,59.6,1
STUD10125,Male,17,Private,Associate,4.3,83.4,No,Yes,93.7,None,Middle,83.4,1
STUD10126,Female,14,Public,Associate,5.3,100.0,No,Yes,66.9,Completed,High,87.6,1
STUD10127,Female,15,Private,Bachelor,5.0,98.2,No,Yes,72.8,Completed,Middle,93.0,1
STUD10128,Male,14,Private,Master,4.7,86.3,No,Yes,63.3,Completed,Middle,77.1,1
STUD10129,Female,14,Private,High School,6.8,87.5,Yes,Yes,42.3,None,High,65.9,1
STUD10130,Male,14,Public,High School,0.3,91.3,No,Yes,47.2,None,Low,35.5,0
STUD10131,Male,18,Private,High School,6.5,100.0,No,No,82.7,Completed,High,100.0,1
STUD10132,Male,19,Public,Bachelor,2.7,88.8,Yes,Yes,67.3,None,Low,68.9,1
STUD10133,Male,14,Private,Bachelor,5.1,85.5,No,Yes,53.4,None,Middle,67.2,1
STUD10134,Female,18,Public,Bachelor,1.4,81.6,No,Yes,64.7,None,Low,53.8,1
STUD10135,Male,17,Public,Bachelor,1.7,87.3,No,Yes,74.9,None,Middle,64.7,1
STUD10136,Female,15,Private,Bachelor,4.8,79.1,No,Yes,71.8,Completed,Middle,85.4,1
STUD10137,Female,19,Public,Master,0.0,90.0,Yes,Yes,53.5,None,Middle,48.0,0
STUD10138,Male,15,Private,Associate,5.5,70.7,No,Yes,41.4,None,High,55.6,1
STUD10139,Other,19,Private,High School,6.0,82.4,No,Yes,58.9,Completed,Middle,83.8,1
STUD10140,Female,15,Public,High School,3.9,92.3,Yes,Yes,81.6,None,Middle,77.0,1
STUD10141,Male,19,Public,Master,3.8,88.7,No,Yes,77.8,None,Low,74.4,1
STUD10142,Female,15,Public,Bachelor,1.8,80.4,No,Yes,71.2,None,High,70.9,1
STUD10143,Male,15,Public,Master,4.8,82.7,Yes,Yes,62.4,None,Low,66.0,1
STUD10144,Male,15,Public,Bachelor,4.2,95.4,No,Yes,57.2,Completed,Low,73.0,1
STUD10145,Male,15,Private,Bachelor,1.7,72.9,Yes,Yes,62.7,None,Low,53.4,1
STUD10146,Female,17,Public,High School,2.7,73.0,Yes,Yes,76.7,Completed,Middle,75.5,1
STUD10147,Female,14,Public,High School,3.2,75.7,No,Yes,80.2,Completed,High,65.8,1
STUD10148,Male,16,Private,Master,2.7,84.9,Yes,Yes,61.1,None,Middle,69.0,1
STUD10149,Male,18,Public,Bachelor,0.8,71.4,No,Yes,100.0,None,Middle,70.1,1
STUD10150,Female,16,Public,Associate,4.9,94.5,Yes,Yes,66.4,None,Middle,71.5,1
STUD10151,Male,16,Private,Associate,3.0,75.8,No,Yes,59.8,Completed,Middle,66.7,1
STUD10152,Male,19,Public,Bachelor,3.5,87.2,Yes,No,87.1,None,Middle,80.1,1
STUD10153,Female,14,Private,Associate,2.3,79.2,No,Yes,34.4,None,Low,44.0,0
STUD10154,Other,19,Private,Bachelor,4.5,84.3,No,Yes,72.2,None,Middle,82.6,1
STUD10155,Male,14,Private,Bachelor,3.9,69.0,No,Yes,63.9,None,Low,67.1,1
STUD10156,Female,14,Public,Master,5.9,95.0,Yes,Yes,86.7,None,High,91.5,1
STUD10157,Female,15,Public,Bachelor,4.5,75.4,No,Yes,74.1,None,Middle,70.9,1
STUD10158,Male,17,Public,Bachelor,3.1,74.3,Yes,Yes,67.1,Completed,Middle,72.6,1
STUD10159,Female,15,Private,High School,2.0,100.0,No,Yes,74.9,Completed,Low,70.2,1
STUD10160,Male,17,Private,Bachelor,5.2,90.5,No,Yes,49.2,None,Middle,65.2,1
STUD10161,Female,19,Public,Associate,2.9,94.6,No,Yes,79.5,None,Low,70.5,1
STUD10162,Female,17,Public,Associate,3.2,89.6,No,Yes,44.8,Completed,Middle,59.3,1
STUD10163,Female,19,Public,Master,3.2,80.5,No,Yes,70.4,None,Middle,72.1,1
STUD10164,Male,16,Public,Master,2.7,71.9,No,Yes,65.5,None,Middle,56.9,1
STUD10165,Female,16,Private,Bachelor,3.2,82.0,No,Yes,38.6,None,Low,41.0,0
STUD10166,Male,17,Public,Bachelor,7.4,75.2,No,Yes,66.0,Completed,Middle,71.1,1
STUD10167,Male,17,Private,High School,1.4,75.8,No,Yes,69.2,None,Low,53.0,1
STUD10168,Male,19,Private,Bachelor,1.9,69.2,No,Yes,55.2,None,Low,41.9,0
STUD10169,Female,15,Public,Bachelor,6.3,86.1,Yes,Yes,49.8,Completed,Middle,89.1,1
STUD10170,Female,19,Public,No Formal Education,2.8,100.0,No,Yes,72.4,Completed,Middle,69.3,1
STUD10171,Male,15,Public,Bachelor,2.6,90.6,No,Yes,70.4,None,Middle,60.6,1
STUD10172,Female,16,Public,Bachelor,5.6,83.9,No,Yes,68.4,None,Low,81.2,1
STUD10173,Male,14,Private,Bachelor,0.7,84.6,No,No,65.1,None,Middle,63.1,1
STUD10174,Female,17,Private,Master,5.1,54.5,Yes,Yes,56.5,None,Middle,74.9,1
STUD10175,Male,15,Private,Master,3.6,80.8,No,Yes,99.1,Completed,Middle,84.3,1
STUD10176,Female,19,Public,High School,4.4,70.7,No,Yes,60.5,None,Middle,66.3,1
STUD10177,Male,16,Public,Bachelor,4.4,86.3,No,Yes,52.0,Completed,Middle,75.3,1
STUD10178,Female,15,Private,Associate,2.2,82.4,No,Yes,65.8,Completed,Low,69.6,1
STUD10179,Male,19,Public,Bachelor,5.6,76.3,No,Yes,62.3,Completed,High,70.7,1
STUD10180,Male,17,Public,High School,2.4,86.1,Yes,Yes,60.2,Completed,Middle,60.6,1
STUD10181,Male,17,Public,Master,4.3,86.0,No,Yes,93.1,None,Low,78.9,1
STUD10182,Female,18,Public,Associate,6.0,100.0,Yes,Yes,48.1,None,Middle,83.2,1
STUD10183,Female,14,Public,High School,6.3,91.9,Yes,Yes,65.6,None,Low,78.3,1
STUD10184,Male,18,Public,Associate,3.0,87.2,No,Yes,49.1,None,Middle,61.3,1
STUD10185,Female,16,Private,Associate,4.4,75.5,Yes,Yes,56.9,None,Middle,68.0,1
STUD10186,Female,15,Public,Bachelor,2.8,74.3,No,Yes,91.0,None,Low,74.8,1
STUD10187,Female,16,Public,No Formal Education,8.5,91.0,No,Yes,69.2,None,Low,73.6,1
STUD10188,Female,19,Public,Associate,5.1,83.0,No,Yes,69.0,None,Low,67.8,1
STUD10189,Male,17,Private,Associate,3.7,87.5,No,Yes,50.9,Completed,Middle,63.2,1
STUD10190,Male,18,Public,Master,4.1,94.8,No,Yes,58.6,Completed,Middle,69.8,1
STUD10191,Female,18,Public,High School,4.3,69.9,No,Yes,92.3,Completed,Low,72.3,1
STUD10192,Female,18,Public,High School,4.4,99.0,No,Yes,72.5,None,Low,69.4,1
STUD10193,Female,16,Private,Bachelor,3.0,94.7,Yes,Yes,59.9,None,Middle,63.3,1
STUD10194,Male,17,Public,High School,2.7,64.5,No,Yes,71.6,Completed,Low,59.8,1
STUD10195,Male,15,Private,Bachelor,3.2,100.0,No,Yes,69.0,Completed,Middle,71.6,1
STUD10196,Female,19,Private,Associate,1.2,88.2,No,Yes,52.4,Completed,Middle,49.5,0
STUD10197,Female,15,Public,Associate,4.9,80.2,Yes,Yes,59.5,None,Middle,63.8,1
STUD10198,Female,16,Private,Master,1.9,90.2,No,Yes,98.8,Completed,High,88.1,1
STUD10199,Female,19,Public,Associate,1.4,75.2,Yes,Yes,70.9,Completed,High,72.4,1
STUD10200,Female,18,Private,Associate,3.5,90.5,No,Yes,41.5,Completed,Middle,61.8,1
STUD10201,Male,14,Public,Bachelor,3.2,77.1,No,Yes,72.7,None,Middle,59.4,1
STUD10202,Male,16,Private,High School,4.0,100.0,Yes,Yes,84.5,None,High,89.4,1
STUD10203,Female,16,Public,Bachelor,2.4,85.6,No,Yes,51.4,None,Low,57.3,1
STUD10204,Female,17,Public,Master,2.7,91.5,Yes,Yes,58.1,Completed,Low,71.5,1
STUD10205,Male,15,Public,Bachelor,4.9,77.1,No,No,86.8,None,Low,85.9,1
STUD10206,Male,16,Public,Master,4.8,93.2,Yes,Yes,65.5,Completed,Middle,77.2,1
STUD10207,Female,16,Public,High School,4.7,84.9,No,Yes,62.9,Completed,Middle,68.4,1
STUD10208,Male,18,Public,Master,3.6,70.9,No,Yes,45.0,None,Middle,67.8,1
STUD10209,Male,18,Public,Associate,3.8,82.6,Yes,Yes,81.1,Completed,Middle,89.7,1
STUD10210,Female,19,Public,Master,4.0,100.0,No,Yes,62.2,None,Middle,72.6,1
STUD10211,Female,14,Private,No Formal Education,2.2,93.6,Yes,Yes,32.4,Completed,Low,44.3,0
STUD10212,Female,17,Public,Associate,6.4,81.2,No,Yes,41.4,Completed,Middle,71.7,1
STUD10213,Male,14,Public,Associate,6.2,66.3,Yes,Yes,56.6,None,Low,77.9,1
STUD10214,Female,19,Public,Associate,5.1,76.7,No,Yes,48.9,None,Low,61.3,1
STUD10215,Male,18,Public,Associate,2.6,70.9,No,Yes,51.3,None,Middle,45.0,0
STUD10216,Male,15,Private,Master,4.6,66.5,No,Yes,100.0,None,Middle,84.8,1
STUD10217,Female,18,Public,High School,5.5,92.9,No,Yes,75.6,None,Middle,97.2,1
STUD10218,Female,17,Private,Bachelor,1.1,85.6,No,Yes,26.3,None,Middle,31.1,0
STUD10219,Female,18,Private,Bachelor,6.9,100.0,Yes,Yes,60.3,None,Middle,84.1,1
STUD10220,Female,17,Private,Bachelor,0.0,75.0,Yes,Yes,63.7,Completed,Middle,69.7,1
STUD10221,Female,17,Public,Bachelor,4.9,85.0,No,Yes,42.8,Completed,Middle,60.2,1
STUD10222,Male,17,Private,No Formal Education,6.4,71.1,No,Yes,73.0,None,Middle,55.0,1
STUD10223,Male,19,Private,Associate,3.3,79.1,No,Yes,34.4,Completed,Middle,36.0,0
STUD10224,Male,17,Public,Associate,3.2,82.8,Yes,Yes,81.5,Completed,Middle,72.3,1
STUD10225,Male,17,Public,Bachelor,4.8,81.3,No,Yes,86.6,Completed,Middle,75.2,1
STUD10226,Other,15,Public,High School,7.2,85.5,Yes,Yes,100.0,Completed,Middle,100.0,1
STUD10227,Male,14,Public,High School,2.9,94.7,No,Yes,41.4,Completed,Middle,55.8,1
STUD10228,Female,16,Public,Bachelor,1.9,93.7,No,Yes,44.4,Completed,Middle,42.7,0
STUD10229,Female,14,Public,High School,2.7,77.3,Yes,Yes,75.4,Completed,Middle,59.4,1
STUD10230,Female,17,Public,High School,0.4,84.7,No,No,82.7,Completed,High,74.3,1
STUD10231,Female,15,Public,Associate,5.3,92.9,No,Yes,77.1,None,Middle,81.5,1
STUD10232,Female,18,Public,Master,2.5,95.4,No,Yes,81.2,Completed,Middle,87.3,1
STUD10233,Female,15,Public,Bachelor,3.1,78.4,Yes,Yes,85.7,None,Low,80.6,1
STUD10234,Male,17,Public,High School,5.3,92.1,No,Yes,68.0,None,Middle,66.7,1
STUD10235,Female,15,Public,Bachelor,2.7,88.3,No,Yes,61.8,None,Middle,68.7,1
STUD10236,Male,15,Public,High School,5.0,74.3,No,No,44.5,None,Middle,60.5,1
STUD10237,Male,17,Private,Associate,1.4,93.0,No,Yes,60.5,Completed,Middle,47.7,0
STUD10238,Female,19,Public,Bachelor,5.4,86.5,Yes,No,62.8,Completed,Middle,71.1,1
STUD10239,Male,15,Public,Bachelor,4.2,67.6,Yes,Yes,50.8,None,Low,73.3,1
STUD10240,Female,16,Private,Bachelor,3.3,82.1,No,Yes,64.4,Completed,Low,60.3,1
STUD10241,Female,16,Public,High School,3.8,85.4,Yes,Yes,49.1,None,Middle,61.3,1
STUD10242,Female,15,Public,Master,0.9,78.9,No,Yes,81.7,None,Middle,65.1,1
STUD10243,Male,19,Private,Master,3.7,97.3,No,Yes,71.4,Completed,Low,77.1,1
STUD10244,Male,18,Private,Master,3.2,97.6,No,Yes,58.1,None,Low,63.6,1
STUD10245,Female,17,Public,High School,1.0,81.2,Yes,Yes,67.8,None,Low,58.9,1
STUD10246,Male,16,Public,Bachelor,2.2,80.1,Yes,Yes,48.4,Completed,Middle,63.7,1
STUD10247,Female,18,Private,Bachelor,3.2,83.7,No,Yes,49.9,Completed,Low,59.2,1
STUD10248,Female,15,Public,Associate,2.3,83.0,Yes,Yes,55.5,None,Low,49.1,0
STUD10249,Female,18,Public,Bachelor,0.0,79.1,No,Yes,62.1,None,Middle,47.5,0
STUD10250,Male,14,Private,Bachelor,5.7,47.9,No,Yes,67.1,Completed,Middle,63.5,1
STUD10251,Male,16,Public,Master,3.2,100.0,No,Yes,67.2,Completed,Middle,73.4,1
STUD10252,Female,15,Public,Master,0.0,85.0,No,Yes,45.2,None,Middle,35.0,0
STUD10253,Male,17,Public,Bachelor,7.8,83.2,Yes,Yes,63.8,None,Middle,87.1,1
STUD10254,Male,19,Private,Bachelor,6.0,88.3,Yes,Yes,52.7,None,Middle,75.8,1
STUD10255,Female,15,Public,Bachelor,2.8,84.2,No,Yes,20.0,None,High,52.1,1
STUD10256,Female,17,Public,Associate,1.8,80.7,No,No,100.0,Completed,Low,68.0,1
STUD10257,Female,19,Public,Bachelor,4.3,74.9,No,Yes,53.0,None,Middle,55.8,1
STUD10258,Female,19,Public,Associate,3.9,66.6,No,Yes,53.9,None,Middle,67.0,1
STUD10259,Male,15,Public,Bachelor,4.6,71.5,No,Yes,44.8,None,Low,47.9,0
STUD10260,Female,18,Private,Associate,1.8,73.8,Yes,No,49.1,Completed,Middle,65.8,1
STUD10261,Other,18,Public,Associate,5.7,91.5,Yes,Yes,62.2,Completed,Middle,73.7,1
STUD10262,Male,19,Public,Bachelor,2.6,92.2,No,Yes,85.3,None,Middle,70.0,1
STUD10263,Female,18,Private,Associate,4.9,76.2,Yes,No,62.1,Completed,Middle,77.9,1
STUD10264,Female,14,Public,High School,1.9,58.4,No,No,60.1,None,Low,49.6,0
STUD10265,Female,19,Private,Associate,8.8,85.1,No,No,83.0,Completed,Middle,100.0,1
STUD10266,Female,19,Public,Master,4.9,80.8,No,Yes,57.1,Completed,Middle,62.0,1
STUD10267,Female,17,Public,High School,9.3,80.5,No,Yes,65.3,Completed,Middle,92.2,1
STUD10268,Male,18,Public,Master,5.2,94.6,Yes,Yes,51.2,None,Middle,73.0,1
STUD10269,Male,19,Private,No Formal Education,2.4,86.4,Yes,Yes,90.3,None,Low,59.6,1
STUD10270,Female,14,Public,High School,5.2,75.2,No,Yes,80.7,None,Middle,87.5,1
STUD10271,Female,17,Public,Bachelor,5.3,72.9,No,Yes,62.7,None,High,76.5,1
STUD10272,Female,15,Public,Master,4.2,82.4,No,Yes,59.0,Completed,Low,68.4,1
STUD10273,Female,19,Public,Associate,4.8,75.9,No,Yes,64.5,Completed,Middle,74.4,1
STUD10274,Female,14,Public,Bachelor,5.0,84.3,Yes,Yes,62.9,None,Middle,63.9,1
STUD10275,Female,16,Private,High School,1.5,95.3,No,Yes,41.8,None,Middle,38.5,0
STUD10276,Female,14,Public,High School,1.4,71.2,No,Yes,81.2,None,Low,55.4,1
STUD10277,Female,14,Private,Bachelor,1.9,85.9,Yes,Yes,61.6,None,Middle,63.5,1
STUD10278,Female,17,Public,Bachelor,3.8,94.2,No,Yes,93.5,Completed,Middle,95.4,1
STUD10279,Female,15,Public,Associate,3.1,84.1,No,Yes,71.3,Completed,High,68.6,1
STUD10280,Female,16,Public,High School,1.5,92.2,No,No,27.2,None,Low,28.4,0
STUD10281,Male,18,Public,Master,5.1,82.1,Yes,Yes,45.8,Completed,High,77.7,1
STUD10282,Male,18,Private,High School,4.1,86.7,No,Yes,32.8,Completed,Middle,52.3,1
STUD10283,Male,14,Private,High School,3.8,89.4,Yes,Yes,45.6,None,Low,43.4,0
STUD10284,Female,17,Public,Bachelor,3.0,79.3,Yes,Yes,40.5,Completed,Middle,51.6,1
STUD10285,Male,17,Public,Bachelor,2.7,100.0,No,Yes,68.8,None,Middle,68.1,1
STUD10286,Male,18,Public,Master,1.8,90.8,No,Yes,60.3,Completed,Low,60.6,1
STUD10287,Female,16,Private,Associate,5.4,98.0,No,Yes,76.1,None,Middle,81.8,1
STUD10288,Male,15,Public,Master,2.1,95.7,Yes,No,64.4,None,High,63.9,1
STUD10289,Female,16,Public,No Formal Education,3.9,88.3,Yes,Yes,61.4,None,High,64.2,1
STUD10290,Male,19,Private,Associate,6.8,98.9,No,Yes,95.0,None,Middle,100.0,1
STUD10291,Male,19,Public,Bachelor,2.8,86.9,Yes,Yes,68.3,Completed,Low,51.4,1
STUD10292,Female,15,Public,Associate,5.4,77.7,Yes,Yes,63.8,None,Middle,71.3,1
STUD10293,Male,18,Public,Master,4.6,85.1,Yes,Yes,52.2,None,Middle,59.5,1
STUD10294,Male,15,Private,High School,4.1,74.9,No,Yes,47.4,None,Low,51.9,1
STUD10295,Female,17,Public,Master,4.4,64.0,Yes,Yes,76.6,Completed,High,74.7,1
STUD10296,Female,19,Public,High School,3.3,76.5,No,Yes,75.7,Completed,Low,67.2,1
STUD10297,Male,14,Public,Bachelor,3.6,85.7,Yes,Yes,88.6,Completed,Middle,94.6,1
STUD10298,Female,14,Public,Master,2.4,95.6,Yes,Yes,72.2,None,Middle,66.9,1
STUD10299,Male,18,Public,High School,3.6,76.4,No,No,59.1,Completed,Middle,57.2,1
STUD10300,Male,17,Public,High School,2.3,95.1,Yes,Yes,72.7,None,Low,60.8,1
STUD10301,Female,16,Public,Associate,5.5,72.9,No,Yes,63.8,None,Middle,72.4,1
STUD10302,Female,17,Public,Master,0.1,75.8,Yes,Yes,78.0,None,High,60.4,1
STUD10303,Female,14,Public,High School,4.5,99.5,No,No,85.0,None,Middle,78.1,1
STUD10304,Female,14,Public,Master,4.2,85.5,Yes,Yes,62.5,Completed,Middle,72.1,1
STUD10305,Other,19,Private,Bachelor,4.0,83.3,Yes,Yes,91.4,None,Low,78.6,1
STUD10306,Female,17,Public,Bachelor,5.5,87.4,No,Yes,82.8,None,High,90.9,1
STUD10307,Male,17,Private,No Formal Education,2.9,72.9,No,Yes,65.3,None,High,61.1,1
STUD10308,Female,14,Private,Master,4.0,81.7,Yes,Yes,75.1,None,Middle,69.0,1
STUD10309,Male,16,Public,Bachelor,0.1,85.0,No,Yes,69.6,Completed,Middle,61.2,1
STUD10310,Male,18,Public,Associate,2.7,97.3,No,Yes,65.3,Completed,High,90.8,1
STUD10311,Male,18,Public,Associate,5.2,68.3,No,Yes,93.7,None,Low,89.6,1
STUD10312,Male,17,Public,High School,0.8,100.0,No,Yes,72.8,None,Middle,55.7,1
STUD10313,Female,18,Public,High School,3.8,83.8,Yes,Yes,52.4,Completed,Middle,64.0,1
STUD10314,Female,14,Public,High School,2.1,73.9,No,Yes,49.6,Completed,Middle,50.8,1
STUD10315,Female,14,Public,Master,3.3,72.1,No,Yes,50.2,Completed,Middle,64.5,1
STUD10316,Male,17,Private,Master,2.3,87.7,Yes,Yes,72.3,None,Middle,68.4,1
STUD10317,Male,17,Public,Master,1.0,71.5,No,Yes,59.9,None,Low,49.6,0
STUD10318,Male,19,Private,Associate,4.3,79.4,No,Yes,70.0,None,Middle,65.7,1
STUD10319,Male,17,Public,Associate,3.4,82.5,No,Yes,79.0,None,Middle,78.2,1
STUD10320,Female,16,Private,High School,4.7,96.4,No,Yes,95.4,Completed,Middle,90.6,1
STUD10321,Female,18,Public,Bachelor,5.1,95.2,No,Yes,60.2,Completed,Middle,78.5,1
STUD10322,Female,17,Public,Bachelor,6.0,78.6,Yes,Yes,43.9,None,Low,72.0,1
STUD10323,Male,15,Public,Bachelor,3.8,82.9,No,No,91.9,None,Middle,89.1,1
STUD10324,Female,19,Public,Master,6.0,69.0,Yes,Yes,43.1,Completed,High,80.6,1
STUD10325,Female,15,Public,Associate,1.5,64.6,No,Yes,42.6,None,High,53.4,1
STUD10326,Female,14,Private,Bachelor,5.3,72.7,No,Yes,91.5,None,High,98.9,1
STUD10327,Female,18,Public,Bachelor,4.4,96.2,No,Yes,81.0,None,Middle,75.5,1
STUD10328,Male,17,Public,Associate,4.0,92.8,No,Yes,72.3,Completed,Low,70.9,1
STUD10329,Male,15,Private,Bachelor,4.4,88.8,Yes,Yes,64.3,Completed,High,84.8,1
STUD10330,Male,18,Private,High School,1.6,70.4,Yes,No,61.4,Completed,Middle,50.9,1
STUD10331,Female,14,Public,Bachelor,1.1,77.9,No,Yes,55.2,None,Middle,49.4,0
STUD10332,Male,16,Public,High School,6.9,76.4,Yes,Yes,60.8,None,Middle,76.4,1
STUD10333,Male,19,Public,Associate,3.2,83.3,No,Yes,64.3,Completed,Middle,65.2,1
STUD10334,Male,18,Public,High School,3.1,82.7,No,Yes,44.4,Completed,Middle,54.5,1
STUD10335,Male,18,Private,Bachelor,1.3,75.0,No,Yes,52.7,None,Low,40.7,0
STUD10336,Female,16,Private,Bachelor,0.5,88.5,No,Yes,33.3,None,Middle,40.1,0
STUD10337,Female,18,Private,No Formal Education,3.3,87.3,No,No,66.2,None,Low,56.6,1
STUD10338,Male,14,Private,High School,2.8,77.7,No,Yes,66.2,Completed,High,76.5,1
STUD10339,Male,14,Public,High School,3.5,88.0,No,Yes,91.7,None,Middle,75.8,1
STUD10340,Female,16,Private,High School,3.7,96.2,No,Yes,70.6,Completed,Middle,68.4,1
STUD10341,Male,19,Private,High School,8.5,99.3,No,Yes,56.7,Completed,High,93.5,1
STUD10342,Male,17,Public,High School,2.8,89.9,Yes,Yes,62.0,None,Middle,43.1,0
STUD10343,Male,15,Private,Master,6.7,89.6,Yes,Yes,72.3,Completed,Middle,90.0,1
STUD10344,Male,17,Public,High School,6.8,82.6,No,Yes,68.4,Completed,Middle,77.8,1
STUD10345,Female,18,Public,High School,5.0,95.3,No,Yes,73.7,None,Middle,77.5,1
STUD10346,Female,15,Private,Associate,3.0,74.3,No,No,70.7,Completed,High,78.7,1
STUD10347,Male,16,Public,Bachelor,0.8,94.1,No,Yes,61.2,None,Middle,65.9,1
STUD10348,Male,16,Public,Bachelor,4.5,82.1,No,Yes,57.0,Completed,High,75.4,1
STUD10349,Female,19,Public,Bachelor,5.5,99.9,No,Yes,56.2,None,Low,61.8,1
STUD10350,Female,15,Public,No Formal Education,7.0,90.9,No,Yes,51.1,Completed,Middle,66.6,1
STUD10351,Female,14,Private,High School,1.6,84.3,No,Yes,48.8,None,Low,42.2,0
STUD10352,Female,15,Public,Associate,3.0,82.6,Yes,Yes,92.6,Completed,Middle,84.0,1
STUD10353,Male,18,Public,Associate,1.6,90.3,No,Yes,66.9,None,Low,57.2,1
STUD10354,Male,14,Private,High School,2.2,89.8,No,Yes,62.7,None,Low,51.0,1
STUD10355,Female,16,Public,No Formal Education,4.8,81.0,Yes,Yes,57.6,Completed,Middle,56.7,1
STUD10356,Male,15,Public,High School,2.1,85.9,No,Yes,71.4,Completed,Middle,59.1,1
STUD10357,Female,17,Public,High School,1.9,94.0,Yes,Yes,83.1,None,Middle,64.5,1
STUD10358,Female,19,Private,Associate,5.1,71.4,No,Yes,75.8,None,Middle,84.3,1
STUD10359,Female,17,Public,Master,4.4,92.3,No,Yes,78.8,Completed,Middle,79.8,1
STUD10360,Male,19,Public,Master,4.2,90.2,No,Yes,56.2,Completed,Middle,72.3,1
STUD10361,Female,18,Public,High School,2.2,96.9,No,Yes,64.9,Completed,High,73.4,1
STUD10362,Male,17,Public,Bachelor,6.1,77.8,No,Yes,56.4,Completed,Middle,76.3,1
STUD10363,Female,15,Public,Associate,3.5,85.1,No,Yes,66.6,None,Middle,59.8,1
STUD10364,Female,15,Public,Bachelor,8.3,87.1,Yes,Yes,84.1,None,Middle,100.0,1
STUD10365,Male,17,Public,Bachelor,3.8,92.4,No,Yes,71.6,None,Low,72.6,1
STUD10366,Female,15,Private,High School,0.0,89.3,Yes,Yes,89.4,None,High,55.4,1
STUD10367,Female,18,Public,High School,0.0,72.6,Yes,Yes,60.7,None,Low,51.3,1
STUD10368,Male,14,Private,Associate,4.7,87.9,No,Yes,52.9,None,High,74.1,1
STUD10369,Male,18,Private,Bachelor,6.1,100.0,No,Yes,72.7,Completed,Middle,89.8,1
STUD10370,Male,19,Private,No Formal Education,1.9,91.1,No,Yes,66.8,Completed,High,71.0,1
STUD10371,Male,18,Public,Bachelor,7.7,100.0,No,Yes,69.8,None,Middle,94.8,1
STUD10372,Male,19,Public,Master,6.8,95.4,No,Yes,67.6,Completed,Middle,95.8,1
STUD10373,Female,15,Public,High School,3.9,98.6,Yes,Yes,57.7,Completed,Middle,75.4,1
STUD10374,Male,14,Public,Bachelor,4.6,88.1,No,Yes,67.9,Completed,Middle,81.5,1
STUD10375,Male,15,Public,High School,5.3,90.2,No,Yes,79.6,Completed,Middle,71.3,1
STUD10376,Female,16,Private,Bachelor,7.3,87.6,No,Yes,81.1,None,Middle,81.2,1
STUD10377,Male,15,Private,Bachelor,4.9,85.0,Yes,Yes,57.7,None,Middle,76.6,1
STUD10378,Female,19,Public,No Formal Education,3.9,92.4,Yes,No,68.5,Completed,Middle,75.7,1
STUD10379,Male,15,Public,Master,4.8,79.8,No,Yes,87.2,Completed,Low,80.5,1
STUD10380,Male,15,Private,High School,4.6,100.0,No,Yes,58.0,None,Middle,60.7,1
STUD10381,Female,14,Public,High School,5.3,75.7,Yes,Yes,55.3,Completed,Middle,70.6,1
STUD10382,Female,15,Public,High School,0.4,93.1,Yes,Yes,76.9,None,Middle,52.0,1
STUD10383,Female,14,Private,Bachelor,4.1,98.8,No,Yes,74.3,None,High,80.3,1
STUD10384,Female,17,Public,Associate,4.4,83.2,No,Yes,52.4,Completed,Middle,63.3,1
STUD10385,Female,16,Public,Associate,3.4,73.9,No,Yes,44.0,None,Middle,51.0,1
STUD10386,Male,14,Public,High School,5.1,96.6,Yes,No,68.2,None,Middle,87.1,1
STUD10387,Male,19,Private,Bachelor,7.3,87.0,No,Yes,58.7,Completed,High,83.1,1
STUD10388,Female,17,Public,Bachelor,3.8,93.1,No,Yes,39.7,Completed,Low,58.0,1
STUD10389,Female,14,Public,Master,4.9,83.9,Yes,Yes,54.7,None,Middle,63.9,1
STUD10390,Other,14,Public,Bachelor,6.7,100.0,No,Yes,74.0,Completed,Middle,96.4,1
STUD10391,Male,16,Public,Master,3.8,63.8,No,Yes,62.7,None,Low,61.2,1
STUD10392,Male,19,Public,Master,1.7,88.8,Yes,Yes,88.5,None,Low,80.9,1
STUD10393,Female,18,Private,High School,4.7,98.4,No,No,33.7,Completed,Middle,43.6,0
STUD10394,Male,18,Public,Associate,0.0,86.1,No,Yes,85.1,Completed,Middle,64.4,1
STUD10395,Female,14,Private,High School,0.0,88.0,No,Yes,59.8,None,High,52.3,1
STUD10396,Female,15,Public,Master,4.2,80.7,No,No,57.7,None,Middle,73.3,1
STUD10397,Male,19,Public,Bachelor,0.0,85.2,No,Yes,41.7,None,Middle,38.0,0
STUD10398,Female,17,Public,Bachelor,0.9,68.3,No,Yes,72.0,None,Low,59.0,1
STUD10399,Female,15,Public,Associate,2.7,77.8,No,Yes,37.6,None,Middle,44.0,0
STUD10400,Male,15,Public,Associate,2.1,77.1,No,Yes,77.3,Completed,Middle,68.0,1
STUD10401,Female,19,Public,Associate,3.2,91.7,Yes,Yes,42.3,None,Middle,61.8,1
STUD10402,Female,14,Public,Bachelor,5.7,79.3,No,Yes,44.7,None,Low,56.4,1
STUD10403,Female,14,Public,Master,4.0,79.6,No,Yes,47.1,None,Middle,65.9,1
STUD10404,Male,14,Public,Bachelor,1.8,81.2,No,Yes,54.3,None,High,60.6,1
STUD10405,Female,14,Private,Associate,6.2,77.5,No,Yes,79.1,None,Middle,79.8,1
STUD10406,Male,18,Private,Bachelor,0.6,87.7,No,Yes,87.6,None,Middle,63.7,1
STUD10407,Male,14,Public,No Formal Education,3.9,88.8,No,No,55.8,Completed,Middle,46.7,0
STUD10408,Female,18,Public,Associate,0.4,93.3,No,Yes,64.3,None,Low,50.9,1
STUD10409,Male,18,Public,Master,4.0,91.5,Yes,Yes,72.3,Completed,Low,76.5,1
STUD10410,Male,14,Public,High School,2.9,90.5,No,Yes,60.1,Completed,Middle,66.6,1
STUD10411,Female,16,Public,High School,5.7,81.7,No,Yes,71.8,None,Middle,78.3,1
STUD10412,Female,17,Private,Associate,4.9,81.1,No,Yes,64.9,Completed,Middle,79.7,1
STUD10413,Female,15,Public,High School,2.3,76.3,Yes,Yes,61.2,None,Low,60.7,1
STUD10414,Female,18,Public,Associate,1.9,76.1,No,Yes,43.7,None,Middle,65.6,1
STUD10415,Male,19,Private,Bachelor,2.9,86.9,Yes,Yes,67.2,Completed,Low,71.7,1
STUD10416,Male,19,Public,Bachelor,7.3,77.8,No,Yes,79.4,None,Low,80.3,1
STUD10417,Male,17,Private,Associate,6.7,99.7,No,Yes,53.3,None,Middle,80.3,1
STUD10418,Female,19,Public,Master,1.6,84.6,Yes,Yes,35.5,None,Middle,58.7,1
STUD10419,Female,16,Public,Bachelor,5.1,100.0,No,Yes,60.2,None,Low,74.3,1
STUD10420,Female,19,Public,Bachelor,0.0,90.7,No,Yes,87.6,None,Low,50.2,1
STUD10421,Female,15,Public,Bachelor,2.6,77.2,No,Yes,83.2,Completed,Middle,77.8,1
STUD10422,Male,15,Private,Associate,1.6,84.4,No,No,56.3,Completed,Middle,52.7,1
STUD10423,Female,18,Public,High School,5.6,68.3,Yes,Yes,71.8,None,Middle,66.0,1
STUD10424,Male,14,Private,Associate,0.9,86.9,No,Yes,74.2,None,Middle,61.2,1
STUD10425,Female,16,Public,Associate,4.4,78.1,Yes,Yes,87.4,Completed,High,78.8,1
STUD10426,Male,18,Public,Bachelor,3.5,73.9,No,Yes,41.7,None,Low,56.8,1
STUD10427,Female,16,Public,Master,3.1,100.0,No,Yes,49.0,None,Low,64.3,1
STUD10428,Male,14,Public,Bachelor,6.8,95.3,Yes,Yes,34.9,None,Middle,69.2,1
STUD10429,Male,19,Private,Bachelor,7.0,95.0,No,Yes,54.8,None,Low,72.1,1
STUD10430,Male,19,Public,No Formal Education,3.2,92.8,Yes,Yes,81.0,None,Middle,67.8,1
STUD10431,Female,14,Public,High School,2.8,72.7,No,No,56.6,None,Middle,48.0,0
STUD10432,Female,18,Public,High School,0.5,81.0,Yes,No,45.4,None,High,46.4,0
STUD10433,Male,14,Public,Bachelor,3.5,81.6,No,Yes,68.4,None,High,55.5,1
STUD10434,Male,17,Public,Bachelor,7.4,67.9,Yes,Yes,68.8,None,High,88.1,1
STUD10435,Female,15,Public,Bachelor,3.2,79.4,No,Yes,49.7,None,Low,55.2,1
STUD10436,Male,18,Private,Associate,5.0,79.5,No,No,57.4,None,High,75.7,1
STUD10437,Female,16,Public,Master,0.7,86.3,Yes,Yes,67.3,Completed,Low,63.5,1
STUD10438,Female,17,Public,Master,2.6,100.0,No,Yes,76.2,Completed,Middle,83.4,1
STUD10439,Male,18,Public,High School,4.4,84.8,No,No,55.3,None,Middle,65.5,1
STUD10440,Male,14,Public,Bachelor,3.7,86.3,No,Yes,53.1,Completed,Low,68.8,1
STUD10441,Other,14,Private,High School,5.1,82.5,No,Yes,93.7,Completed,Middle,100.0,1
STUD10442,Male,14,Public,High School,2.3,92.4,No,Yes,60.9,Completed,Low,60.7,1
STUD10443,Male,14,Public,Bachelor,0.0,74.3,Yes,No,68.7,Completed,Middle,59.3,1
STUD10444,Female,16,Public,High School,5.7,100.0,Yes,Yes,74.7,Completed,High,96.3,1
STUD10445,Female,17,Public,High School,1.6,83.8,No,Yes,38.2,Completed,Low,39.5,0
STUD10446,Other,19,Public,High School,4.5,81.0,No,Yes,64.7,None,Low,62.8,1
STUD10447,Female,15,Private,Associate,4.4,94.7,No,Yes,40.3,None,Middle,61.2,1
STUD10448,Male,16,Private,Associate,0.2,76.1,Yes,Yes,63.0,None,High,56.0,1
STUD10449,Male,16,Private,Master,5.6,92.2,No,Yes,85.6,Completed,Low,90.0,1
STUD10450,Female,19,Public,Associate,2.4,99.1,No,No,50.0,None,Middle,61.8,1
STUD10451,Female,19,Public,Associate,3.6,82.6,Yes,Yes,40.0,None,High,48.7,0
STUD10452,Male,15,Public,Bachelor,2.8,100.0,No,No,93.3,None,Low,91.1,1
STUD10453,Female,15,Public,High School,6.7,91.4,No,Yes,47.8,Completed,Middle,74.9,1
STUD10454,Male,19,Private,Associate,6.2,91.6,No,Yes,42.5,None,Middle,64.0,1
STUD10455,Female,14,Public,Master,0.0,98.7,Yes,Yes,89.3,None,Middle,82.2,1
STUD10456,Male,16,Private,Master,8.0,100.0,No,Yes,47.2,None,Middle,82.2,1
STUD10457,Male,18,Private,Associate,2.1,87.6,No,Yes,89.7,None,Low,70.5,1
STUD10458,Male,15,Public,Bachelor,7.7,93.0,Yes,Yes,69.1,None,High,92.7,1
STUD10459,Male,15,Public,Master,3.0,99.0,No,Yes,84.3,None,High,92.8,1
STUD10460,Male,19,Public,Associate,2.8,73.4,Yes,Yes,67.8,None,Low,60.7,1
STUD10461,Female,17,Public,Bachelor,3.0,67.7,No,No,81.2,Completed,Low,66.8,1
STUD10462,Female,18,Private,Master,2.7,84.4,No,Yes,51.2,None,High,69.3,1
STUD10463,Female,18,Public,Bachelor,8.5,67.5,No,Yes,55.8,None,Middle,86.5,1
STUD10464,Female,15,Public,Master,3.3,81.9,Yes,Yes,33.3,None,Middle,63.9,1
STUD10465,Male,14,Public,Associate,2.9,88.1,No,Yes,79.6,Completed,Middle,77.8,1
STUD10466,Male,17,Private,High School,3.7,82.2,No,Yes,71.3,Completed,Middle,76.8,1
STUD10467,Female,18,Public,Master,1.6,83.6,No,Yes,49.9,None,Middle,52.5,1
STUD10468,Male,15,Private,High School,6.7,75.0,No,Yes,38.8,None,Low,64.4,1
STUD10469,Female,18,Public,Master,0.6,92.9,No,No,69.2,None,Low,63.0,1
STUD10470,Male,17,Private,Bachelor,2.3,74.4,No,Yes,90.1,None,High,80.3,1
STUD10471,Female,17,Private,Associate,5.4,64.0,No,Yes,62.9,Completed,Middle,61.5,1
STUD10472,Male,16,Public,High School,3.6,82.9,No,Yes,55.1,None,Middle,56.2,1
STUD10473,Female,19,Public,Master,4.6,94.2,No,Yes,50.9,None,High,72.4,1
STUD10474,Female,19,Private,High School,6.6,85.8,Yes,Yes,83.7,None,Middle,90.6,1
STUD10475,Other,15,Public,Associate,5.5,73.4,Yes,Yes,53.3,Completed,Low,81.7,1
STUD10476,Male,17,Private,Associate,3.8,86.0,No,No,59.4,None,Middle,69.3,1
STUD10477,Female,16,Public,No Formal Education,7.7,89.4,No,Yes,80.6,None,Middle,79.1,1
STUD10478,Female,16,Private,Associate,2.2,85.9,No,Yes,74.6,None,Low,59.4,1
STUD10479,Female,18,Private,Associate,3.3,82.4,No,No,60.0,None,Middle,70.0,1
STUD10480,Female,18,Private,High School,3.4,89.9,No,Yes,54.5,Completed,Middle,58.7,1
STUD10481,Female,16,Public,Bachelor,3.3,67.6,No,Yes,87.0,Completed,High,87.3,1
STUD10482,Male,18,Public,Bachelor,1.4,76.1,No,Yes,48.3,None,Middle,49.7,0
STUD10483,Female,17,Public,Associate,0.3,71.9,Yes,Yes,61.8,None,Low,46.5,0
STUD10484,Female,14,Public,Associate,4.3,98.5,No,Yes,42.4,Completed,Middle,60.0,1
STUD10485,Female,17,Public,High School,2.2,92.1,No,Yes,82.8,None,Middle,50.3,1
STUD10486,Male,16,Public,Associate,7.3,86.9,No,Yes,57.9,None,Middle,80.8,1
STUD10487,Male,16,Private,Master,3.4,70.5,Yes,Yes,54.5,None,Middle,56.6,1
STUD10488,Female,17,Public,Master,3.0,92.4,Yes,No,74.9,Completed,Middle,70.4,1
STUD10489,Female,18,Public,High School,5.7,98.9,Yes,Yes,43.6,None,Low,64.9,1
STUD10490,Male,18,Public,High School,4.3,90.7,No,Yes,74.5,Completed,Middle,81.8,1
STUD10491,Female,19,Public,Bachelor,3.1,84.6,Yes,Yes,59.6,Completed,Middle,57.9,1
STUD10492,Male,16,Public,Master,2.2,91.3,No,Yes,46.9,Completed,High,69.5,1
STUD10493,Male,15,Private,High School,10.8,87.7,No,Yes,50.1,None,Low,77.4,1
STUD10494,Male,19,Private,Bachelor,4.2,94.3,No,Yes,54.7,Completed,Middle,73.9,1
STUD10495,Male,18,Public,Associate,5.7,94.0,No,Yes,58.3,None,Middle,76.2,1
STUD10496,Female,17,Public,Associate,1.5,82.8,No,Yes,47.0,None,Middle,46.8,0
STUD10497,Male,18,Private,Associate,2.3,78.4,No,Yes,69.4,None,Middle,61.8,1
STUD10498,Other,17,Public,Bachelor,7.7,81.0,No,Yes,46.6,None,Middle,71.9,1
STUD10499,Other,19,Public,Bachelor,6.3,90.4,No,Yes,29.5,None,Middle,63.6,1
STUD10500,Female,16,Public,Master,4.4,81.6,No,Yes,93.8,None,Middle,88.3,1
STUD10501,Female,18,Public,Bachelor,2.7,77.5,No,Yes,68.0,None,Middle,58.8,1
STUD10502,Male,17,Public,High School,3.0,85.0,Yes,Yes,95.1,None,Middle,70.4,1
STUD10503,Female,16,Public,High School,2.1,96.1,No,Yes,49.3,Completed,Middle,61.3,1
STUD10504,Female,15,Public,Bachelor,1.2,86.4,No,Yes,72.2,Completed,Middle,66.4,1
STUD10505,Male,17,Private,High School,5.3,82.2,Yes,No,78.4,None,Middle,84.1,1
STUD10506,Female,19,Public,Bachelor,4.6,88.2,Yes,No,62.2,None,High,73.1,1
STUD10507,Female,15,Private,High School,5.0,85.8,Yes,No,43.3,None,Middle,55.9,1
STUD10508,Female,15,Private,High School,2.8,65.7,No,Yes,61.0,None,Low,45.8,0
STUD10509,Female,14,Public,Master,4.0,92.0,Yes,Yes,74.4,Completed,High,85.5,1
STUD10510,Female,18,Public,Bachelor,2.6,89.1,No,Yes,73.8,None,Low,67.5,1
STUD10511,Male,17,Public,Master,2.0,85.2,Yes,No,65.0,Completed,Middle,65.3,1
STUD10512,Female,15,Public,High School,6.8,95.6,Yes,Yes,78.5,None,Low,94.0,1
STUD10513,Female,14,Private,High School,3.7,97.1,No,Yes,77.8,None,Middle,69.3,1
STUD10514,Male,19,Public,Master,4.5,93.0,Yes,Yes,57.1,None,Low,71.6,1
STUD10515,Male,16,Private,Bachelor,5.2,76.5,No,Yes,42.2,Completed,High,62.9,1
STUD10516,Male,17,Public,Bachelor,3.8,76.8,Yes,Yes,67.9,None,Middle,66.5,1
STUD10517,Female,15,Public,Bachelor,4.0,96.2,No,Yes,53.8,None,Middle,65.6,1
STUD10518,Other,18,Public,Associate,1.3,66.2,Yes,Yes,67.2,None,Low,48.0,0
STUD10519,Male,14,Public,Bachelor,1.7,83.5,No,Yes,85.2,None,Middle,70.6,1
STUD10520,Female,15,Public,Bachelor,1.6,89.4,No,Yes,71.6,None,Middle,66.7,1
STUD10521,Male,18,Public,Master,4.7,67.5,No,Yes,84.4,None,Middle,87.1,1
STUD10522,Female,15,Public,Bachelor,3.6,87.3,Yes,No,49.8,None,Low,53.3,1
STUD10523,Female,17,Public,Bachelor,1.7,94.5,No,Yes,81.3,Completed,Middle,74.4,1
STUD10524,Female,17,Private,Bachelor,4.7,70.1,No,Yes,90.1,None,Middle,81.5,1
STUD10525,Male,17,Public,Associate,4.6,100.0,Yes,Yes,66.0,None,Low,61.3,1
STUD10526,Male,19,Private,High School,2.1,74.9,Yes,Yes,99.8,None,Low,65.5,1
STUD10527,Male,19,Private,High School,3.4,90.7,No,Yes,52.1,None,Middle,60.6,1
STUD10528,Male,14,Private,Bachelor,4.6,84.2,No,Yes,55.4,None,High,62.8,1
STUD10529,Female,17,Public,Associate,1.8,85.7,No,Yes,74.7,None,Low,60.2,1
STUD10530,Female,18,Private,High School,4.6,72.2,No,Yes,65.8,None,Middle,53.0,1
STUD10531,Other,15,Public,No Formal Education,4.1,97.6,No,Yes,53.9,None,Low,54.3,1
STUD10532,Other,16,Public,Bachelor,1.5,88.3,Yes,Yes,74.3,None,Middle,54.5,1
STUD10533,Female,18,Public,No Formal Education,3.9,100.0,Yes,Yes,70.3,None,Middle,64.1,1
STUD10534,Female,19,Private,Associate,4.2,72.4,Yes,Yes,56.2,None,Middle,60.8,1
STUD10535,Female,19,Public,Bachelor,2.2,83.2,No,Yes,67.8,None,Middle,64.1,1
STUD10536,Female,18,Private,High School,2.4,87.1,No,Yes,76.4,None,High,67.7,1
STUD10537,Male,19,Public,High School,1.5,85.6,No,Yes,55.9,None,High,47.7,0
STUD10538,Male,17,Private,High School,2.6,91.7,No,Yes,72.8,Completed,Low,57.8,1
STUD10539,Male,14,Private,Master,3.5,83.1,No,Yes,52.0,Completed,Middle,55.9,1
STUD10540,Female,15,Public,High School,2.4,100.0,No,Yes,54.9,Completed,High,65.3,1
STUD10541,Female,14,Private,Bachelor,0.5,85.4,Yes,Yes,81.7,None,Middle,66.9,1
STUD10542,Male,15,Public,Bachelor,2.1,56.2,No,Yes,74.2,Completed,Middle,67.8,1
STUD10543,Female,15,Public,Associate,2.7,85.8,No,Yes,36.7,Completed,Middle,48.3,0
STUD10544,Female,14,Public,High School,5.1,97.6,Yes,No,59.4,Completed,Middle,64.2,1
STUD10545,Male,18,Public,High School,4.7,75.8,No,Yes,72.3,None,Low,65.2,1
STUD10546,Male,15,Public,High School,5.2,75.1,No,Yes,67.1,Completed,High,76.4,1
STUD10547,Female,14,Public,Associate,2.0,76.6,Yes,Yes,74.3,None,High,61.5,1
STUD10548,Female,15,Public,Master,3.8,74.2,Yes,Yes,66.7,Completed,Middle,68.0,1
STUD10549,Female,16,Private,High School,0.0,80.2,No,Yes,63.0,None,Middle,50.2,1
STUD10550,Female,18,Private,High School,4.4,94.1,No,Yes,62.6,None,Middle,68.3,1
STUD10551,Female,17,Private,High School,4.7,100.0,No,Yes,81.4,None,Low,83.3,1
STUD10552,Female,15,Private,High School,2.8,60.8,Yes,Yes,75.4,None,Middle,73.4,1
STUD10553,Female,16,Private,Associate,4.1,81.2,Yes,Yes,71.1,None,Middle,63.2,1
STUD10554,Female,17,Public,Associate,0.5,88.0,Yes,Yes,66.3,None,Middle,54.2,1
STUD10555,Male,17,Public,Bachelor,1.9,87.0,Yes,Yes,56.8,Completed,Middle,63.1,1
STUD10556,Male,15,Private,Associate,5.0,100.0,Yes,Yes,60.4,None,High,80.4,1
STUD10557,Male,14,Public,High School,4.5,64.9,No,Yes,81.0,Completed,High,84.6,1
STUD10558,Female,15,Public,Master,2.7,59.1,No,Yes,79.6,None,Middle,72.8,1
STUD10559,Female,16,Public,Associate,5.1,100.0,No,Yes,55.3,Completed,Low,76.9,1
STUD10560,Female,17,Public,Bachelor,3.8,92.5,Yes,No,66.5,None,Middle,73.3,1
STUD10561,Male,15,Public,Associate,2.5,79.3,Yes,Yes,72.5,None,Low,59.3,1
STUD10562,Male,14,Public,High School,3.1,86.7,No,Yes,71.5,None,High,81.2,1
STUD10563,Male,15,Public,High School,2.6,87.4,No,Yes,71.4,None,Low,61.5,1
STUD10564,Male,18,Public,High School,1.1,79.0,No,Yes,48.3,None,Middle,42.9,0
STUD10565,Female,14,Public,Bachelor,6.0,86.4,No,Yes,47.4,None,Middle,62.5,1
STUD10566,Male,16,Public,Master,2.4,88.5,Yes,Yes,82.6,None,Middle,77.6,1
STUD10567,Male,17,Private,Associate,1.8,100.0,No,Yes,87.6,Completed,Middle,82.0,1
STUD10568,Female,15,Public,Master,0.4,94.6,Yes,No,42.8,None,Middle,46.9,0
STUD10569,Male,14,Public,Associate,0.0,100.0,No,Yes,64.6,None,Middle,53.5,1
STUD10570,Female,18,Private,Associate,4.9,71.6,Yes,Yes,77.2,None,Middle,78.0,1
STUD10571,Female,14,Public,High School,5.1,81.5,No,No,31.9,None,Low,52.5,1
STUD10572,Male,19,Public,Bachelor,5.9,87.4,Yes,Yes,48.9,Completed,Middle,73.0,1
STUD10573,Female,18,Public,High School,3.2,65.8,No,Yes,63.6,Completed,High,62.4,1
STUD10574,Female,16,Private,Master,2.9,96.8,No,Yes,56.0,None,Low,58.9,1
STUD10575,Female,17,Public,Associate,2.5,91.4,No,Yes,68.1,None,Low,54.7,1
STUD10576,Male,16,Public,High School,2.7,81.3,No,Yes,87.1,None,Middle,66.0,1
STUD10577,Female,15,Private,Master,5.7,83.2,No,Yes,52.2,None,Low,63.8,1
STUD10578,Female,14,Public,Master,3.4,97.5,No,Yes,65.8,None,Middle,62.7,1
STUD10579,Male,19,Public,Bachelor,4.3,77.0,Yes,Yes,59.8,Completed,Middle,77.5,1
STUD10580,Male,18,Public,Bachelor,2.6,97.9,Yes,Yes,67.0,Completed,Middle,74.6,1
STUD10581,Other,18,Public,Bachelor,6.1,82.5,No,Yes,65.1,Completed,Low,78.3,1
STUD10582,Female,14,Public,High School,0.0,92.6,No,Yes,100.0,None,Middle,76.3,1
STUD10583,Male,19,Public,High School,1.1,85.9,Yes,No,87.3,Completed,Middle,74.5,1
STUD10584,Female,14,Private,High School,4.3,100.0,Yes,Yes,41.3,None,High,59.1,1
STUD10585,Male,15,Public,Bachelor,7.0,76.1,No,No,51.5,None,Low,77.0,1
STUD10586,Male,16,Public,High School,3.0,79.3,Yes,Yes,53.3,Completed,Middle,65.3,1
STUD10587,Male,18,Public,Associate,1.8,69.9,No,Yes,46.5,Completed,High,46.7,0
STUD10588,Male,15,Public,Bachelor,5.5,74.0,Yes,Yes,44.5,Completed,Middle,73.5,1
STUD10589,Male,16,Public,Master,4.1,92.1,No,Yes,62.3,None,Middle,69.2,1
STUD10590,Male,15,Private,Bachelor,6.1,100.0,Yes,No,53.9,None,Low,80.3,1
STUD10591,Female,19,Public,Bachelor,0.9,93.3,No,Yes,51.6,Completed,High,57.0,1
STUD10592,Male,18,Private,Associate,5.9,84.9,Yes,Yes,95.3,None,Middle,89.0,1
STUD10593,Male,14,Private,High School,0.4,76.1,No,Yes,54.9,None,High,45.7,0
STUD10594,Female,14,Public,High School,2.9,94.0,No,Yes,58.4,None,Middle,53.8,1
STUD10595,Male,16,Private,Associate,4.3,75.5,No,Yes,76.1,None,Middle,63.5,1
STUD10596,Female,17,Public,High School,3.9,71.5,No,Yes,58.3,None,Middle,44.1,0
STUD10597,Male,19,Public,High School,5.6,81.9,No,Yes,47.5,None,Low,53.2,1
STUD10598,Male,16,Public,Bachelor,0.0,64.7,Yes,Yes,61.1,None,Middle,65.3,1
STUD10599,Male,17,Public,High School,3.8,71.2,No,Yes,95.1,Completed,Middle,82.9,1
STUD10600,Male,15,Public,Bachelor,5.9,100.0,Yes,Yes,57.8,None,Middle,89.7,1
STUD10601,Male,19,Public,High School,3.6,69.3,No,Yes,51.3,None,Middle,52.0,1
STUD10602,Male,15,Public,Associate,1.2,73.1,Yes,Yes,71.3,None,Middle,56.3,1
STUD10603,Male,18,Public,Associate,5.5,85.7,Yes,Yes,60.4,None,Low,80.6,1
STUD10604,Male,19,Public,Master,2.2,86.2,Yes,Yes,100.0,None,Middle,86.3,1
STUD10605,Male,17,Private,Master,1.9,82.7,No,Yes,53.2,Completed,Middle,54.0,1
STUD10606,Male,18,Private,Associate,1.6,65.0,No,Yes,91.0,Completed,Middle,73.7,1
STUD10607,Male,14,Public,High School,3.1,93.5,No,Yes,82.5,Completed,High,86.9,1
STUD10608,Female,17,Public,Associate,3.9,80.6,Yes,Yes,59.3,None,Middle,56.8,1
STUD10609,Female,16,Private,Associate,1.0,97.2,Yes,Yes,64.9,Completed,Middle,65.7,1
STUD10610,Male,14,Private,Master,1.4,78.6,No,Yes,49.6,Completed,Middle,46.9,0
STUD10611,Female,14,Private,Bachelor,2.1,94.8,No,Yes,56.9,Completed,Low,67.0,1
STUD10612,Female,16,Public,High School,1.6,98.0,Yes,Yes,59.2,Completed,Middle,62.0,1
STUD10613,Male,19,Public,Bachelor,3.6,80.3,No,Yes,67.4,Completed,Middle,74.9,1
STUD10614,Female,14,Public,Associate,4.2,93.8,No,Yes,43.8,Completed,High,65.2,1
STUD10615,Female,17,Public,High School,3.9,71.7,No,Yes,69.7,None,Middle,54.1,1
STUD10616,Male,18,Private,Associate,4.0,87.6,No,Yes,62.8,Completed,Middle,67.3,1
STUD10617,Male,14,Private,High School,6.8,97.2,No,Yes,71.0,Completed,Middle,90.7,1
STUD10618,Female,17,Public,High School,4.3,90.2,No,Yes,73.2,None,Low,80.8,1
STUD10619,Female,15,Private,High School,5.1,100.0,Yes,Yes,61.6,None,Low,71.9,1
STUD10620,Male,17,Public,High School,2.7,90.7,No,Yes,72.3,Completed,Middle,64.0,1
STUD10621,Male,18,Public,Bachelor,5.4,81.3,No,Yes,63.7,Completed,Middle,79.9,1
STUD10622,Male,17,Public,High School,2.6,100.0,Yes,Yes,76.2,None,Middle,75.5,1
STUD10623,Female,16,Private,No Formal Education,4.3,100.0,No,Yes,69.7,Completed,Middle,70.8,1
STUD10624,Female,18,Public,Bachelor,0.8,69.0,No,Yes,67.7,Completed,Middle,58.3,1
STUD10625,Male,19,Private,High School,3.8,77.2,No,Yes,63.5,Completed,Middle,66.7,1
STUD10626,Male,15,Private,Master,1.5,74.6,Yes,Yes,84.4,Completed,Middle,74.4,1
STUD10627,Female,16,Public,Associate,5.4,91.5,No,Yes,71.1,None,Low,76.2,1
STUD10628,Male,19,Public,Master,5.3,90.7,No,Yes,45.2,None,Middle,78.9,1
STUD10629,Male,17,Private,High School,2.6,90.6,Yes,Yes,57.9,None,Middle,47.3,0
STUD10630,Female,18,Public,Associate,7.6,68.7,No,Yes,61.6,None,Middle,75.5,1
STUD10631,Female,15,Private,Associate,2.9,78.6,No,Yes,65.0,None,High,60.2,1
STUD10632,Female,16,Private,High School,0.3,83.5,No,Yes,67.7,None,Low,55.8,1
STUD10633,Female,19,Public,High School,1.9,66.8,Yes,Yes,50.8,None,Middle,47.5,0
STUD10634,Male,19,Public,Bachelor,1.4,76.3,No,Yes,64.0,Completed,Middle,63.2,1
STUD10635,Male,15,Private,High School,4.3,98.6,No,No,60.3,None,Middle,75.6,1
STUD10636,Female,17,Public,Associate,1.0,69.5,No,Yes,81.3,None,Middle,54.1,1
STUD10637,Male,15,Public,Bachelor,2.4,99.6,No,Yes,50.1,Completed,Middle,58.4,1
STUD10638,Male,19,Public,Associate,4.1,95.9,No,Yes,64.7,None,Middle,77.9,1
STUD10639,Male,14,Public,Bachelor,3.8,82.1,Yes,Yes,54.7,None,Middle,58.2,1
STUD10640,Male,16,Private,High School,3.5,78.5,No,No,92.9,None,Middle,73.2,1
STUD10641,Male,15,Private,High School,3.8,93.3,Yes,Yes,83.8,Completed,Middle,71.2,1
STUD10642,Male,19,Public,Bachelor,2.8,77.1,No,Yes,40.4,None,Middle,59.0,1
STUD10643,Male,17,Public,Associate,0.3,77.6,Yes,Yes,53.1,None,High,47.8,0
STUD10644,Male,19,Public,Associate,2.7,84.8,No,Yes,78.1,None,Low,67.9,1
STUD10645,Female,17,Private,High School,4.4,63.7,No,Yes,71.9,Completed,Middle,73.3,1
STUD10646,Female,15,Public,High School,3.2,70.5,No,Yes,71.4,Completed,Middle,60.8,1
STUD10647,Female,17,Public,High School,4.3,81.8,Yes,Yes,67.9,None,High,62.1,1
STUD10648,Female,18,Public,Master,2.3,89.8,Yes,Yes,79.3,None,High,77.5,1
STUD10649,Female,18,Public,High School,5.5,77.0,Yes,Yes,76.7,None,Middle,76.3,1
STUD10650,Male,18,Private,Bachelor,0.0,83.0,No,No,60.6,None,Low,47.5,0
STUD10651,Female,14,Public,Master,3.8,68.9,Yes,Yes,47.0,None,Middle,60.2,1
STUD10652,Female,15,Public,Associate,6.2,94.3,Yes,Yes,39.6,None,Middle,64.5,1
STUD10653,Female,19,Public,Bachelor,6.5,87.2,Yes,Yes,63.4,Completed,High,84.9,1
STUD10654,Male,19,Private,High School,3.0,88.1,No,Yes,37.4,Completed,Middle,53.1,1
STUD10655,Male,14,Public,Master,0.8,89.9,Yes,Yes,68.8,None,Middle,58.6,1
STUD10656,Male,17,Public,Master,6.2,85.8,Yes,Yes,60.4,None,Middle,79.6,1
STUD10657,Male,14,Public,Bachelor,3.4,80.2,Yes,Yes,94.2,None,Middle,79.4,1
STUD10658,Female,17,Private,Associate,3.2,96.3,No,No,70.1,None,Middle,70.9,1
STUD10659,Female,17,Public,Associate,1.7,86.6,No,Yes,64.6,Completed,Low,65.1,1
STUD10660,Male,16,Public,High School,1.0,83.3,No,Yes,40.8,None,Middle,48.0,0
STUD10661,Other,19,Public,High School,4.6,84.9,No,No,46.1,None,High,70.2,1
STUD10662,Female,18,Private,Bachelor,4.8,84.7,No,No,75.2,None,Low,72.7,1
STUD10663,Male,17,Public,Associate,3.9,83.2,No,Yes,60.3,Completed,Middle,65.9,1
STUD10664,Male,16,Private,High School,2.0,89.5,No,Yes,100.0,None,Middle,68.3,1
STUD10665,Male,19,Public,Master,1.4,75.6,No,Yes,63.8,None,Middle,56.6,1
STUD10666,Male,18,Public,Master,0.6,76.4,No,No,67.5,None,Low,52.6,1
STUD10667,Male,17,Public,High School,2.4,90.6,No,Yes,45.2,None,Middle,46.6,0
STUD10668,Male,17,Private,Master,1.5,83.5,No,Yes,79.2,Completed,Middle,67.6,1
STUD10669,Male,14,Public,Associate,0.1,94.7,No,Yes,51.1,Completed,Low,36.7,0
STUD10670,Male,14,Private,High School,4.8,89.1,No,Yes,72.9,Completed,Middle,68.4,1
STUD10671,Female,19,Private,Bachelor,0.9,79.5,Yes,Yes,77.2,None,Low,61.4,1
STUD10672,Male,18,Public,Bachelor,5.5,90.8,Yes,Yes,66.4,None,Middle,79.9,1
STUD10673,Female,17,Private,Associate,4.3,97.0,No,No,91.4,None,High,91.2,1
STUD10674,Male,19,Private,No Formal Education,4.1,89.5,Yes,Yes,55.8,Completed,Low,57.6,1
STUD10675,Other,19,Public,Bachelor,6.8,91.7,No,Yes,90.1,None,Low,91.7,1
STUD10676,Male,15,Public,Associate,0.9,83.3,Yes,Yes,45.9,None,Middle,54.7,1
STUD10677,Male,14,Private,Bachelor,5.2,94.9,Yes,Yes,77.0,Completed,Middle,87.0,1
STUD10678,Female,18,Public,Bachelor,2.9,79.2,No,Yes,62.9,None,Low,56.1,1
STUD10679,Female,17,Private,High School,8.6,88.4,No,Yes,54.4,Completed,Middle,75.1,1
STUD10680,Female,19,Private,High School,2.7,100.0,No,Yes,40.1,Completed,Low,55.6,1
STUD10681,Male,17,Public,High School,2.4,90.4,Yes,Yes,61.1,Completed,Low,50.0,1
STUD10682,Male,15,Public,Bachelor,4.4,80.8,Yes,Yes,60.1,None,High,68.8,1
STUD10683,Female,18,Public,High School,3.1,80.8,No,Yes,67.6,None,Middle,64.9,1
STUD10684,Female,19,Public,Associate,2.0,84.3,No,Yes,75.9,Completed,Middle,56.4,1
STUD10685,Female,17,Public,High School,1.6,93.5,No,Yes,52.9,None,Low,44.9,0
STUD10686,Female,14,Public,High School,6.4,86.5,No,Yes,91.4,None,Low,86.4,1
STUD10687,Male,15,Public,Bachelor,1.2,78.5,No,Yes,56.9,None,High,54.6,1
STUD10688,Female,18,Private,Master,3.9,78.5,No,Yes,74.0,Completed,Low,68.4,1
STUD10689,Male,15,Private,High School,5.6,86.5,No,Yes,66.4,None,Middle,69.3,1
STUD10690,Male,14,Public,Bachelor,5.7,85.4,Yes,No,62.0,None,Middle,81.8,1
STUD10691,Male,18,Public,No Formal Education,2.3,89.5,No,Yes,65.6,Completed,Middle,68.9,1
STUD10692,Female,15,Public,High School,3.1,94.2,No,Yes,50.9,Completed,Middle,60.5,1
STUD10693,Male,16,Public,Bachelor,2.7,100.0,Yes,Yes,59.2,None,Middle,54.5,1
STUD10694,Male,14,Private,Associate,0.4,70.4,No,Yes,44.9,Completed,High,50.5,1
STUD10695,Female,14,Private,High School,4.6,91.9,Yes,Yes,56.8,None,Middle,64.8,1
STUD10696,Male,14,Private,Bachelor,3.6,86.0,No,No,58.0,Completed,Low,58.0,1
STUD10697,Female,16,Private,Bachelor,6.4,66.6,Yes,Yes,77.7,None,Middle,79.0,1
STUD10698,Male,16,Public,Bachelor,1.9,97.5,No,Yes,60.0,Completed,Low,56.6,1
STUD10699,Female,17,Private,High School,5.7,89.2,Yes,Yes,58.3,Completed,Middle,66.3,1
STUD10700,Female,19,Public,High School,5.8,93.0,No,No,68.3,Completed,Middle,78.6,1
STUD10701,Male,15,Private,Bachelor,3.6,68.0,No,Yes,67.7,None,Middle,76.8,1
STUD10702,Male,17,Public,High School,0.0,82.8,No,Yes,56.1,None,Middle,38.0,0
STUD10703,Male,15,Private,Associate,2.5,74.2,No,Yes,70.9,Completed,Middle,76.1,1
STUD10704,Male,19,Private,Bachelor,7.1,100.0,No,Yes,62.3,Completed,High,91.8,1
STUD10705,Other,16,Public,Bachelor,4.1,96.4,No,No,56.1,None,Middle,67.2,1
STUD10706,Male,19,Public,Associate,4.9,78.2,Yes,Yes,57.6,None,Low,63.1,1
STUD10707,Female,16,Private,Master,3.3,69.6,Yes,Yes,79.2,None,Middle,69.9,1
STUD10708,Male,19,Public,High School,3.1,86.9,Yes,No,58.0,Completed,Middle,65.5,1
STUD10709,Female,17,Public,Associate,0.0,95.9,Yes,Yes,68.9,None,Middle,60.8,1
STUD10710,Female,18,Public,High School,5.1,67.6,No,Yes,45.8,None,Middle,42.3,0
STUD10711,Female,17,Public,High School,5.7,75.7,Yes,No,81.7,None,Middle,96.0,1
STUD10712,Male,15,Private,Associate,1.6,73.9,No,Yes,56.3,None,Low,37.5,0
STUD10713,Male,17,Public,Bachelor,3.1,93.7,No,Yes,71.0,Completed,Middle,70.5,1
STUD10714,Male,14,Public,Bachelor,2.9,81.3,No,No,61.2,Completed,Middle,50.1,1
STUD10715,Female,15,Public,High School,4.3,81.7,No,Yes,70.8,None,Middle,67.3,1
STUD10716,Female,19,Public,Bachelor,2.4,86.7,No,Yes,71.7,None,High,68.0,1
STUD10717,Female,15,Public,High School,5.4,76.2,Yes,Yes,62.8,None,Middle,67.2,1
STUD10718,Male,18,Public,Associate,3.6,70.6,Yes,Yes,37.0,None,High,56.8,1
STUD10719,Female,16,Public,High School,0.0,98.7,No,Yes,81.4,None,High,63.0,1
STUD10720,Female,19,Public,Associate,4.4,99.6,No,Yes,62.9,None,Middle,74.2,1
STUD10721,Male,15,Private,Bachelor,5.5,86.8,No,Yes,70.5,None,Low,68.2,1
STUD10722,Male,19,Public,Associate,1.2,87.5,No,Yes,75.4,Completed,High,69.5,1
STUD10723,Female,19,Public,Master,4.3,97.6,No,Yes,58.1,Completed,Low,68.0,1
STUD10724,Female,19,Public,Master,7.2,86.6,No,No,72.8,None,Low,83.3,1
STUD10725,Female,16,Public,Bachelor,3.7,80.8,Yes,Yes,53.8,Completed,Middle,68.5,1
STUD10726,Male,17,Public,High School,5.8,85.4,No,Yes,70.8,Completed,Low,72.7,1
STUD10727,Female,19,Public,High School,2.6,98.9,No,Yes,65.3,Completed,Low,62.2,1
STUD10728,Male,14,Private,Associate,3.5,85.5,Yes,Yes,58.7,Completed,Middle,60.5,1
STUD10729,Male,18,Public,Associate,3.1,78.3,Yes,No,65.7,Completed,Low,71.5,1
STUD10730,Male,16,Public,Bachelor,2.7,86.5,No,Yes,49.2,None,Middle,61.1,1
STUD10731,Female,15,Private,High School,3.2,91.6,No,Yes,69.6,None,Low,63.5,1
STUD10732,Female,16,Public,Bachelor,0.2,90.4,Yes,Yes,71.2,None,Middle,59.0,1
STUD10733,Female,15,Public,Master,2.8,90.5,No,Yes,70.2,None,High,73.8,1
STUD10734,Male,16,Public,Bachelor,6.2,76.7,Yes,Yes,87.5,None,Middle,96.3,1
STUD10735,Female,15,Public,Associate,1.6,92.7,No,Yes,63.6,Completed,Middle,65.7,1
STUD10736,Male,19,Private,No Formal Education,1.4,85.3,Yes,Yes,64.6,None,High,62.5,1
STUD10737,Female,17,Private,High School,3.6,77.9,No,Yes,47.4,Completed,Low,51.6,1
STUD10738,Male,15,Private,Bachelor,3.7,92.6,No,Yes,88.6,None,Middle,84.5,1
STUD10739,Male,15,Public,Bachelor,4.3,80.5,No,Yes,42.5,None,High,69.7,1
STUD10740,Male,14,Public,Bachelor,3.3,69.3,Yes,Yes,68.4,None,High,65.7,1
STUD10741,Male,15,Public,High School,3.6,75.0,No,Yes,55.8,None,Middle,51.4,1
STUD10742,Female,14,Public,High School,2.8,83.2,No,Yes,65.9,None,Low,59.4,1
STUD10743,Female,18,Public,Associate,0.9,90.8,No,Yes,45.4,None,High,43.1,0
STUD10744,Male,19,Private,Bachelor,3.4,76.4,No,Yes,78.4,Completed,Low,61.2,1
STUD10745,Female,14,Public,Bachelor,4.9,82.6,No,Yes,50.7,None,Middle,72.5,1
STUD10746,Male,17,Public,Associate,4.5,72.8,No,Yes,82.5,None,Middle,83.9,1
STUD10747,Female,19,Public,Associate,0.0,94.8,Yes,Yes,51.1,Completed,Middle,44.4,0
STUD10748,Female,14,Public,High School,4.0,100.0,Yes,Yes,79.6,Completed,Middle,72.2,1
STUD10749,Female,19,Public,Bachelor,1.7,100.0,No,Yes,52.5,None,Middle,53.1,1
STUD10750,Male,19,Private,Bachelor,6.3,94.6,Yes,Yes,55.8,Completed,Middle,88.5,1
STUD10751,Female,19,Public,Associate,4.2,93.6,No,Yes,65.0,Completed,Low,67.6,1
STUD10752,Female,18,Private,Master,5.3,64.3,No,Yes,52.3,None,Middle,66.8,1
STUD10753,Male,17,Public,Master,3.5,86.8,No,Yes,51.8,Completed,Middle,68.2,1
STUD10754,Male,16,Private,Bachelor,3.4,80.0,Yes,No,52.5,None,Middle,62.9,1
STUD10755,Female,16,Private,Associate,6.5,93.8,Yes,Yes,69.8,None,High,96.6,1
STUD10756,Female,14,Public,High School,5.4,59.6,No,Yes,65.0,None,Middle,61.7,1
STUD10757,Female,19,Public,High School,3.7,86.9,No,Yes,65.8,Completed,Middle,67.5,1
STUD10758,Female,14,Private,Bachelor,3.1,82.9,No,Yes,60.1,None,Low,61.4,1
STUD10759,Female,18,Public,High School,0.1,96.2,Yes,Yes,73.2,None,Middle,57.9,1
STUD10760,Male,18,Private,High School,4.1,100.0,Yes,No,80.8,Completed,High,78.5,1
STUD10761,Male,15,Public,Associate,3.2,75.7,Yes,Yes,73.6,Completed,Middle,62.9,1
STUD10762,Male,18,Public,Associate,4.6,76.2,No,Yes,61.9,None,Middle,57.6,1
STUD10763,Female,15,Private,Bachelor,5.2,87.3,Yes,Yes,46.7,Completed,Middle,75.0,1
STUD10764,Male,17,Private,High School,6.0,100.0,Yes,No,35.3,Completed,Middle,61.7,1
STUD10765,Female,14,Public,High School,4.2,85.6,Yes,Yes,64.0,Completed,Middle,73.7,1
STUD10766,Female,17,Private,High School,1.4,72.2,Yes,Yes,35.1,Completed,Middle,43.1,0
STUD10767,Female,18,Public,High School,0.0,78.9,No,Yes,62.0,Completed,High,47.9,0
STUD10768,Male,17,Public,Associate,1.9,87.0,No,No,86.0,None,Low,61.3,1
STUD10769,Female,17,Public,High School,6.2,87.4,Yes,Yes,47.7,None,Middle,68.9,1
STUD10770,Male,17,Public,Bachelor,7.1,78.0,Yes,Yes,45.7,Completed,Middle,76.3,1
STUD10771,Female,18,Private,High School,3.0,78.7,Yes,Yes,74.6,None,Low,67.0,1
STUD10772,Male,19,Public,Associate,0.6,75.2,Yes,Yes,22.9,None,Middle,30.1,0
STUD10773,Male,17,Public,Master,2.2,96.4,Yes,Yes,70.7,None,Low,63.3,1
STUD10774,Female,15,Public,Associate,5.8,76.7,No,Yes,87.0,None,Low,81.7,1
STUD10775,Male,18,Public,Associate,2.3,80.4,Yes,Yes,51.9,None,Middle,63.7,1
STUD10776,Male,17,Public,Bachelor,4.7,80.1,Yes,Yes,49.3,None,Middle,54.2,1
STUD10777,Female,19,Private,High School,3.8,68.9,No,Yes,73.9,None,Low,58.1,1
STUD10778,Female,18,Public,Master,4.9,76.4,No,Yes,47.4,None,Low,65.1,1
STUD10779,Female,16,Private,Bachelor,7.1,97.3,No,Yes,77.2,Completed,Low,91.8,1
STUD10780,Female,19,Private,Bachelor,4.7,72.9,No,Yes,48.7,Completed,Middle,68.4,1
STUD10781,Female,15,Public,High School,3.8,75.4,No,Yes,91.5,None,Low,70.5,1
STUD10782,Male,17,Private,High School,7.4,71.7,No,Yes,74.9,None,Middle,71.7,1
STUD10783,Male,16,Private,Bachelor,4.2,84.1,Yes,Yes,65.6,None,Middle,82.4,1
STUD10784,Male,16,Public,Bachelor,1.9,100.0,No,Yes,90.7,None,Middle,83.5,1
STUD10785,Female,18,Public,Associate,4.9,83.7,Yes,Yes,80.5,Completed,Middle,83.4,1
STUD10786,Female,16,Public,High School,4.4,85.7,No,Yes,70.5,None,Middle,64.9,1
STUD10787,Male,15,Public,Bachelor,2.9,77.0,No,Yes,37.1,Completed,High,53.6,1
STUD10788,Male,15,Private,High School,2.5,84.4,No,Yes,54.5,Completed,Middle,58.5,1
STUD10789,Female,14,Public,High School,2.9,97.3,No,Yes,81.3,None,Middle,70.2,1
STUD10790,Male,15,Private,Bachelor,2.4,86.4,No,Yes,45.5,Completed,Middle,56.5,1
STUD10791,Female,19,Public,High School,3.0,100.0,No,Yes,53.5,None,Low,65.4,1
STUD10792,Female,16,Public,High School,1.8,97.6,No,Yes,49.7,None,Middle,57.1,1
STUD10793,Female,15,Private,Bachelor,4.3,84.1,No,Yes,71.0,Completed,Middle,69.5,1
STUD10794,Male,18,Public,High School,4.1,83.9,No,Yes,79.5,None,Middle,73.4,1
STUD10795,Female,14,Public,High School,4.2,100.0,No,Yes,79.5,None,Middle,73.4,1
STUD10796,Female,16,Public,High School,3.4,86.4,No,Yes,52.2,Completed,Middle,61.8,1
STUD10797,Female,14,Public,High School,3.1,99.1,No,No,70.8,Completed,Low,67.2,1
STUD10798,Female,16,Public,High School,6.4,100.0,Yes,Yes,51.5,None,Low,88.2,1
STUD10799,Female,18,Public,Master,3.6,83.0,No,Yes,61.8,None,High,74.5,1
STUD10800,Female,14,Public,High School,6.0,88.5,No,Yes,72.8,Completed,High,84.3,1
STUD10801,Male,17,Private,High School,1.5,94.8,No,Yes,80.9,Completed,Middle,79.5,1
STUD10802,Female,19,Public,Bachelor,4.7,92.7,No,Yes,32.8,None,High,63.0,1
STUD10803,Female,19,Public,Master,2.0,92.6,No,Yes,66.5,None,Middle,56.7,1
STUD10804,Male,16,Public,Associate,2.4,71.7,Yes,Yes,86.1,Completed,Low,70.2,1
STUD10805,Female,17,Private,Associate,2.7,76.5,Yes,Yes,68.5,None,Middle,68.0,1
STUD10806,Female,14,Public,Master,2.6,80.0,Yes,No,66.2,None,Low,67.4,1
STUD10807,Female,17,Public,Bachelor,2.6,97.1,Yes,Yes,56.6,None,Middle,70.2,1
STUD10808,Male,17,Public,Master,5.9,72.6,No,No,85.7,Completed,High,94.9,1
STUD10809,Male,14,Public,Bachelor,3.6,100.0,No,Yes,57.2,None,Middle,67.5,1
STUD10810,Other,18,Private,High School,4.0,92.8,No,Yes,63.5,Completed,Middle,60.9,1
STUD10811,Female,17,Private,High School,2.6,96.5,No,Yes,57.9,None,Middle,67.8,1
STUD10812,Male,17,Public,High School,5.2,75.7,Yes,Yes,66.6,None,Low,66.4,1
STUD10813,Female,18,Public,Associate,4.2,85.7,Yes,No,86.4,None,Middle,75.3,1
STUD10814,Female,17,Public,Bachelor,2.9,88.0,No,Yes,51.4,None,Middle,74.7,1
STUD10815,Female,17,Private,Master,0.3,87.5,Yes,Yes,66.7,None,Middle,70.1,1
STUD10816,Female,17,Private,Bachelor,3.9,88.0,Yes,No,70.9,None,High,76.0,1
STUD10817,Male,19,Public,Bachelor,4.7,82.2,No,Yes,52.8,Completed,High,61.4,1
STUD10818,Male,15,Private,High School,1.5,86.4,Yes,Yes,64.1,None,Low,50.0,1
STUD10819,Male,18,Private,High School,2.9,95.3,No,Yes,92.8,Completed,Low,86.5,1
STUD10820,Female,17,Public,Associate,4.6,73.3,Yes,Yes,38.5,Completed,Middle,60.4,1
STUD10821,Male,19,Public,Bachelor,0.4,100.0,Yes,Yes,58.7,None,Low,45.9,0
STUD10822,Male,18,Public,Bachelor,2.2,94.8,Yes,Yes,68.8,None,Middle,72.9,1
STUD10823,Male,16,Private,Associate,4.3,75.3,Yes,Yes,59.4,None,Middle,64.7,1
STUD10824,Female,16,Private,High School,5.7,88.8,No,Yes,100.0,None,Low,83.7,1
STUD10825,Female,17,Private,No Formal Education,7.9,94.0,No,Yes,73.2,None,Middle,78.6,1
STUD10826,Male,19,Private,Bachelor,7.4,72.6,No,No,49.3,None,Middle,80.6,1
STUD10827,Male,19,Public,Bachelor,3.8,85.4,No,Yes,29.9,Completed,High,61.5,1
STUD10828,Female,18,Private,Bachelor,2.5,84.2,No,Yes,70.1,None,Low,54.0,1
STUD10829,Male,18,Private,High School,5.3,78.5,No,Yes,53.7,None,High,70.0,1
STUD10830,Male,19,Public,High School,2.4,85.9,Yes,Yes,84.3,Completed,Middle,74.6,1
STUD10831,Male,18,Public,Master,2.0,79.0,No,Yes,60.9,Completed,Middle,60.7,1
STUD10832,Male,19,Private,Associate,2.9,98.7,No,Yes,56.5,None,Low,56.4,1
STUD10833,Male,15,Public,Associate,2.6,78.7,No,No,56.2,Completed,Middle,54.0,1
STUD10834,Female,19,Private,High School,4.3,92.9,No,Yes,79.8,Completed,Middle,74.7,1
STUD10835,Male,16,Public,Bachelor,2.3,68.4,Yes,Yes,71.2,Completed,Middle,69.2,1
STUD10836,Female,18,Public,High School,3.7,83.4,Yes,Yes,91.3,Completed,Middle,80.5,1
STUD10837,Male,19,Private,High School,6.7,85.1,No,Yes,61.8,None,Middle,78.0,1
STUD10838,Female,19,Public,Master,3.7,83.1,Yes,Yes,77.9,None,High,77.7,1
STUD10839,Female,18,Public,Bachelor,6.5,81.0,Yes,Yes,78.2,Completed,Low,91.5,1
STUD10840,Male,15,Public,High School,5.9,78.3,Yes,Yes,75.1,None,Middle,86.7,1
STUD10841,Female,15,Private,High School,4.7,92.5,Yes,No,57.4,Completed,Low,68.0,1
STUD10842,Male,18,Public,No Formal Education,2.8,95.0,Yes,Yes,72.1,None,Middle,66.4,1
STUD10843,Female,14,Private,High School,5.6,84.2,No,Yes,63.5,None,High,78.3,1
STUD10844,Male,18,Public,Bachelor,3.0,74.0,No,Yes,63.1,None,Middle,59.3,1
STUD10845,Male,18,Private,Bachelor,3.5,100.0,No,Yes,52.9,None,Middle,67.8,1
STUD10846,Male,15,Private,High School,4.2,76.2,Yes,Yes,33.2,None,Middle,37.0,0
STUD10847,Other,15,Public,High School,3.5,70.4,Yes,Yes,83.7,None,Low,52.9,1
STUD10848,Female,18,Public,Bachelor,2.1,64.9,No,Yes,71.5,None,Middle,59.2,1
STUD10849,Female,18,Public,Associate,0.4,86.0,No,Yes,44.9,None,Middle,47.1,0
STUD10850,Male,18,Public,Bachelor,5.4,82.8,No,Yes,75.8,None,High,83.5,1
STUD10851,Female,15,Public,Master,4.6,95.3,No,Yes,84.0,None,High,93.9,1
STUD10852,Male,18,Public,No Formal Education,0.1,91.1,Yes,Yes,76.7,None,Middle,46.8,0
STUD10853,Female,18,Public,Associate,2.0,87.9,No,Yes,51.6,Completed,Middle,61.7,1
STUD10854,Male,17,Public,Bachelor,3.9,82.3,No,Yes,54.0,None,Middle,72.8,1
STUD10855,Male,14,Public,Bachelor,4.4,96.1,Yes,Yes,56.8,Completed,Middle,70.0,1
STUD10856,Male,16,Public,Master,0.5,100.0,No,Yes,77.9,Completed,Middle,74.6,1
STUD10857,Male,14,Private,Master,3.3,95.1,No,Yes,72.2,Completed,Middle,77.5,1
STUD10858,Female,17,Public,Bachelor,4.6,80.4,Yes,Yes,100.0,None,High,97.1,1
STUD10859,Male,16,Public,Master,2.8,92.8,Yes,Yes,40.4,None,Middle,67.7,1
STUD10860,Female,18,Public,High School,4.0,81.0,Yes,Yes,64.2,None,Middle,68.3,1
STUD10861,Male,17,Private,Bachelor,2.5,73.9,No,Yes,36.1,None,Middle,51.4,1
STUD10862,Female,18,Private,High School,5.3,76.0,Yes,Yes,73.9,None,Middle,67.8,1
STUD10863,Male,15,Private,High School,1.9,81.4,Yes,Yes,81.0,None,Middle,70.8,1
STUD10864,Male,19,Private,High School,1.2,86.0,Yes,Yes,86.6,None,Middle,77.0,1
STUD10865,Female,17,Public,Master,3.6,100.0,No,Yes,67.8,None,Middle,68.8,1
STUD10866,Male,15,Private,Bachelor,0.6,76.2,No,Yes,36.3,Completed,Middle,40.9,0
STUD10867,Male,17,Private,High School,0.0,98.2,No,Yes,64.2,None,Middle,55.9,1
STUD10868,Female,17,Public,Bachelor,5.7,81.8,Yes,Yes,71.6,None,Middle,83.6,1
STUD10869,Female,15,Private,Bachelor,1.5,64.8,No,Yes,49.9,None,Middle,39.8,0
STUD10870,Male,16,Public,High School,0.8,79.9,No,Yes,61.0,None,Middle,50.7,1
STUD10871,Male,14,Public,Master,1.9,96.8,No,Yes,45.8,None,Middle,53.9,1
STUD10872,Female,18,Public,Associate,1.8,88.4,No,Yes,55.8,None,High,53.0,1
STUD10873,Male,17,Public,Associate,3.2,89.0,No,Yes,78.7,None,Middle,80.1,1
STUD10874,Male,18,Private,Master,1.3,98.3,No,Yes,75.2,None,High,72.5,1
STUD10875,Male,19,Public,Bachelor,4.5,74.6,Yes,Yes,44.1,Completed,Middle,69.9,1
STUD10876,Female,15,Public,High School,4.8,74.5,No,Yes,54.4,None,Middle,54.3,1
STUD10877,Female,18,Public,High School,1.0,62.4,No,Yes,65.9,None,Middle,53.0,1
STUD10878,Male,15,Private,High School,2.3,93.8,No,Yes,68.4,None,Low,65.5,1
STUD10879,Male,18,Public,No Formal Education,2.5,90.6,No,Yes,55.1,None,Low,46.2,0
STUD10880,Male,14,Public,High School,3.2,92.2,No,Yes,72.1,Completed,Middle,67.3,1
STUD10881,Female,14,Private,High School,5.7,73.2,Yes,Yes,64.5,Completed,Middle,66.9,1
STUD10882,Male,14,Private,Associate,5.8,69.0,Yes,Yes,26.4,None,Middle,49.0,0
STUD10883,Male,14,Public,Associate,8.5,71.8,No,Yes,56.4,None,Middle,75.8,1
STUD10884,Female,14,Private,Associate,0.0,75.8,No,No,56.0,Completed,Middle,42.3,0
STUD10885,Male,14,Private,High School,1.7,100.0,Yes,No,75.2,Completed,Middle,64.8,1
STUD10886,Female,15,Private,High School,7.1,95.0,Yes,Yes,75.4,None,Middle,88.0,1
STUD10887,Male,17,Public,Bachelor,0.0,80.4,No,No,39.9,Completed,Middle,44.7,0
STUD10888,Male,18,Public,High School,7.1,88.0,No,Yes,71.6,Completed,Middle,91.3,1
STUD10889,Male,14,Public,High School,3.8,78.2,No,Yes,63.9,Completed,Middle,61.2,1
STUD10890,Female,15,Public,Bachelor,3.9,88.6,No,Yes,66.9,None,Middle,70.9,1
STUD10891,Female,15,Public,Associate,0.9,73.6,No,Yes,55.8,None,Low,42.7,0
STUD10892,Female,15,Public,Bachelor,2.6,92.5,No,Yes,64.1,Completed,Low,62.0,1
STUD10893,Male,17,Public,Master,7.0,76.5,No,No,82.3,None,Middle,88.6,1
STUD10894,Female,18,Public,Master,3.4,93.1,No,Yes,66.7,Completed,Middle,73.4,1
STUD10895,Male,17,Public,High School,2.6,80.7,No,Yes,64.4,Completed,Low,60.2,1
STUD10896,Male,16,Private,Master,4.3,77.1,No,Yes,57.8,Completed,High,72.5,1
STUD10897,Female,15,Public,High School,3.1,100.0,No,Yes,80.8,Completed,Middle,83.2,1
STUD10898,Male,16,Public,High School,4.2,86.8,No,Yes,45.8,Completed,Middle,49.8,0
STUD10899,Male,19,Private,Master,1.8,81.8,Yes,Yes,53.0,Completed,Low,64.4,1
STUD10900,Male,14,Public,High School,3.3,92.6,Yes,Yes,44.9,None,Middle,54.0,1
STUD10901,Male,14,Private,No Formal Education,2.2,71.6,Yes,Yes,68.0,None,Middle,53.0,1
STUD10902,Male,17,Private,High School,0.0,96.1,Yes,Yes,82.7,None,Middle,62.5,1
STUD10903,Female,18,Public,Bachelor,4.5,83.6,Yes,Yes,60.1,None,Middle,75.0,1
STUD10904,Male,16,Private,Bachelor,1.0,91.0,Yes,No,49.0,Completed,Middle,50.4,1
STUD10905,Female,18,Public,High School,3.2,69.5,No,Yes,89.5,None,Middle,67.5,1
STUD10906,Female,17,Public,High School,5.4,81.2,No,Yes,71.8,Completed,Low,76.7,1
STUD10907,Male,14,Public,Master,0.5,85.0,Yes,Yes,69.2,None,Middle,51.4,1
STUD10908,Male,18,Public,Associate,4.7,95.3,No,Yes,62.1,Completed,Low,70.7,1
STUD10909,Male,18,Private,Associate,2.9,91.8,No,No,75.0,None,Middle,64.7,1
STUD10910,Female,14,Public,Bachelor,1.6,81.1,No,Yes,68.9,None,Middle,55.0,1
STUD10911,Male,16,Public,Associate,7.5,88.2,No,Yes,57.8,Completed,Middle,71.7,1
STUD10912,Female,14,Public,Master,3.5,97.6,Yes,Yes,60.3,None,Middle,76.3,1
STUD10913,Male,18,Public,Master,2.4,83.0,Yes,No,49.7,Completed,Middle,63.0,1
STUD10914,Female,16,Public,Bachelor,1.9,81.9,No,Yes,47.8,None,Middle,47.8,0
STUD10915,Male,16,Public,Master,5.3,66.1,Yes,Yes,60.6,None,Low,68.7,1
STUD10916,Male,14,Private,Associate,2.3,82.2,No,Yes,82.3,Completed,Middle,65.2,1
STUD10917,Female,18,Public,Bachelor,5.0,67.6,No,Yes,49.5,Completed,Middle,62.1,1
STUD10918,Female,17,Public,Associate,3.5,83.9,Yes,Yes,77.5,Completed,Middle,75.3,1
STUD10919,Male,18,Public,Bachelor,5.7,94.9,Yes,Yes,53.0,None,Low,71.7,1
STUD10920,Female,15,Public,High School,1.4,63.8,Yes,Yes,38.2,Completed,Middle,44.8,0
STUD10921,Female,19,Private,High School,1.7,97.3,No,Yes,73.2,None,Middle,52.0,1
STUD10922,Female,17,Public,Bachelor,2.9,81.7,No,Yes,89.4,None,Middle,79.0,1
STUD10923,Female,16,Public,Bachelor,3.1,84.7,Yes,Yes,52.2,Completed,Middle,54.1,1
STUD10924,Male,17,Public,Associate,2.8,80.0,Yes,Yes,41.5,None,Middle,54.5,1
STUD10925,Male,16,Private,High School,8.8,67.9,Yes,Yes,71.8,None,Low,82.4,1
STUD10926,Male,16,Public,Associate,7.6,77.2,Yes,Yes,51.2,Completed,Low,82.0,1
STUD10927,Female,17,Public,Associate,4.1,100.0,No,Yes,73.0,None,Middle,70.9,1
STUD10928,Female,16,Private,High School,4.3,74.0,Yes,Yes,82.3,None,Middle,79.8,1
STUD10929,Male,16,Public,Associate,3.0,69.1,No,Yes,70.0,None,Middle,55.8,1
STUD10930,Male,15,Private,No Formal Education,1.4,86.4,No,Yes,77.1,Completed,Low,57.1,1
STUD10931,Female,18,Private,Master,3.1,84.1,Yes,Yes,77.2,Completed,Middle,66.6,1
STUD10932,Other,18,Public,Associate,5.0,81.8,No,Yes,79.8,None,Low,80.6,1
STUD10933,Female,19,Public,No Formal Education,6.1,85.1,No,Yes,65.7,None,Middle,79.6,1
STUD10934,Male,19,Public,Master,5.5,91.4,No,Yes,76.7,None,Middle,80.4,1
STUD10935,Male,15,Public,Bachelor,0.5,79.1,No,Yes,67.5,Completed,Middle,59.3,1
STUD10936,Male,19,Private,Associate,2.9,86.9,No,No,70.9,None,High,73.1,1
STUD10937,Female,17,Public,Master,0.6,95.2,No,Yes,100.0,None,Middle,68.1,1
STUD10938,Male,14,Public,Bachelor,5.8,75.0,Yes,Yes,68.6,Completed,Middle,77.0,1
STUD10939,Female,14,Private,High School,2.7,61.8,No,Yes,42.5,Completed,Middle,42.5,0
STUD10940,Male,14,Public,Associate,3.4,91.7,No,Yes,62.0,None,Low,76.4,1
STUD10941,Female,15,Public,High School,4.5,100.0,No,Yes,60.3,None,High,78.4,1
STUD10942,Female,15,Public,Associate,9.0,84.9,No,No,61.0,None,Middle,84.2,1
STUD10943,Female,16,Public,Bachelor,4.0,87.0,No,Yes,79.3,None,Low,78.7,1
STUD10944,Male,14,Private,High School,3.0,82.0,No,Yes,82.0,None,Middle,70.7,1
STUD10945,Male,17,Public,Bachelor,1.0,100.0,Yes,Yes,63.4,Completed,Low,65.3,1
STUD10946,Male,19,Public,High School,6.4,84.2,No,Yes,44.1,None,High,62.2,1
STUD10947,Female,17,Public,Master,3.1,83.1,No,Yes,66.5,None,High,80.5,1
STUD10948,Female,19,Public,Associate,6.8,94.1,No,Yes,56.8,None,Middle,71.8,1
STUD10949,Female,14,Public,Associate,5.7,80.2,No,Yes,68.2,Completed,Low,70.6,1
STUD10950,Female,14,Public,High School,2.6,72.2,No,Yes,63.2,None,Low,57.0,1
STUD10951,Female,14,Public,High School,0.7,93.8,No,Yes,83.2,None,Middle,65.2,1
STUD10952,Male,15,Private,Associate,4.0,79.1,Yes,Yes,69.1,Completed,Low,70.5,1
STUD10953,Female,19,Public,Associate,2.3,75.2,No,No,56.9,Completed,Middle,62.7,1
STUD10954,Male,15,Public,Bachelor,3.6,100.0,No,Yes,44.2,None,High,57.5,1
STUD10955,Male,15,Public,Bachelor,5.6,83.2,No,Yes,64.3,None,Middle,86.3,1
STUD10956,Female,18,Private,Bachelor,0.2,89.9,No,Yes,64.3,None,Middle,51.9,1
STUD10957,Male,17,Private,Associate,4.0,85.3,No,Yes,61.1,None,Middle,65.1,1
STUD10958,Male,17,Public,Master,5.0,76.1,Yes,Yes,76.6,Completed,High,99.7,1
STUD10959,Female,16,Private,High School,5.1,91.9,Yes,Yes,44.3,None,Low,55.7,1
STUD10960,Male,15,Public,High School,0.8,88.1,No,Yes,53.6,None,Middle,53.8,1
STUD10961,Female,19,Public,Associate,4.3,78.4,Yes,Yes,65.8,None,Middle,68.5,1
STUD10962,Male,18,Public,High School,5.9,89.3,Yes,No,56.6,None,Middle,66.7,1
STUD10963,Male,18,Public,Bachelor,4.2,79.9,Yes,Yes,59.6,None,High,70.3,1
STUD10964,Male,17,Private,Bachelor,3.3,74.0,No,Yes,64.1,Completed,Middle,70.4,1
STUD10965,Male,15,Public,High School,5.8,72.9,Yes,Yes,75.3,Completed,Low,83.5,1
STUD10966,Female,16,Public,High School,2.1,87.7,No,Yes,63.5,Completed,Middle,62.0,1
STUD10967,Male,15,Private,Associate,0.4,81.2,No,Yes,35.5,Completed,Low,28.0,0
STUD10968,Female,14,Public,Associate,3.1,100.0,No,Yes,56.0,None,Middle,66.2,1
STUD10969,Male,15,Public,Associate,4.6,84.6,No,Yes,72.4,None,Middle,72.7,1
STUD10970,Female,14,Public,Associate,5.6,77.1,Yes,Yes,76.4,None,Middle,73.4,1
STUD10971,Female,14,Public,Bachelor,4.6,86.6,No,Yes,77.3,Completed,High,87.4,1
STUD10972,Female,16,Public,Associate,5.2,72.1,No,Yes,81.5,None,Middle,84.8,1
STUD10973,Male,19,Public,Bachelor,5.6,84.2,No,Yes,66.8,None,Middle,76.7,1
STUD10974,Male,17,Public,Master,2.8,88.2,No,Yes,68.9,Completed,Low,74.8,1
STUD10975,Male,15,Public,No Formal Education,3.2,87.0,No,Yes,49.8,None,High,56.9,1
STUD10976,Female,14,Private,High School,6.1,98.0,Yes,Yes,32.4,None,Low,62.1,1
STUD10977,Male,15,Public,Bachelor,1.1,100.0,Yes,Yes,43.7,None,Low,47.4,0
STUD10978,Female,19,Public,Bachelor,4.4,91.7,No,No,54.5,Completed,Low,72.1,1
STUD10979,Female,17,Public,High School,2.1,96.8,No,Yes,44.6,None,Middle,55.5,1
STUD10980,Male,19,Public,High School,5.7,100.0,Yes,Yes,60.6,Completed,Low,79.9,1
STUD10981,Female,17,Public,Associate,3.5,74.9,No,Yes,58.1,Completed,High,65.1,1
STUD10982,Male,18,Public,No Formal Education,3.5,86.3,No,No,79.1,None,High,75.7,1
STUD10983,Male,17,Public,Bachelor,7.0,80.2,Yes,Yes,50.5,None,High,81.6,1
STUD10984,Female,16,Private,High School,1.3,93.4,No,Yes,67.1,None,Low,48.6,0
STUD10985,Female,19,Public,High School,3.9,87.7,No,Yes,58.7,None,High,64.2,1
STUD10986,Female,14,Private,Associate,3.1,76.8,No,Yes,49.9,None,High,55.5,1
STUD10987,Male,18,Public,Bachelor,4.6,85.1,No,Yes,54.1,Completed,High,61.5,1
STUD10988,Male,16,Private,Bachelor,7.4,95.5,No,Yes,34.2,None,Middle,75.8,1
STUD10989,Female,15,Public,Bachelor,2.3,72.0,No,Yes,76.2,Completed,Middle,87.3,1
STUD10990,Female,19,Private,Bachelor,1.1,77.0,Yes,Yes,86.0,Completed,Low,76.1,1
STUD10991,Female,14,Public,Bachelor,1.9,75.5,Yes,Yes,61.0,None,High,64.2,1
STUD10992,Male,17,Public,Associate,3.0,88.3,No,No,65.4,None,Low,58.3,1
STUD10993,Female,14,Public,Bachelor,3.6,97.4,Yes,Yes,60.6,None,Middle,64.6,1
STUD10994,Male,15,Private,Master,3.7,64.9,No,Yes,52.7,Completed,High,68.0,1
STUD10995,Male,18,Public,Bachelor,7.1,85.9,No,Yes,75.6,Completed,Middle,96.2,1
STUD10996,Female,18,Public,Master,6.7,75.8,No,No,69.8,Completed,Low,78.8,1
STUD10997,Male,19,Public,Master,6.1,95.1,No,No,21.3,Completed,High,82.5,1
STUD10998,Female,18,Public,High School,8.5,82.6,No,Yes,49.5,Completed,High,74.0,1
STUD10999,Male,19,Public,Bachelor,5.1,86.3,Yes,Yes,34.2,None,Low,59.1,1
STUD11000,Male,19,Public,High School,5.7,85.0,Yes,Yes,88.3,None,High,90.4,1
STUD11001,Female,19,Private,Associate,5.1,96.2,No,No,62.4,None,Middle,72.9,1
STUD11002,Female,17,Private,Bachelor,4.8,100.0,No,Yes,68.6,None,Middle,74.1,1
STUD11003,Female,16,Private,No Formal Education,4.3,73.7,No,Yes,59.7,Completed,Middle,60.3,1
STUD11004,Female,19,Public,High School,2.7,75.5,No,Yes,81.5,None,Low,61.0,1
STUD11005,Female,19,Private,Associate,1.0,88.2,No,No,77.9,Completed,Middle,73.3,1
STUD11006,Female,16,Private,Master,3.2,76.8,No,Yes,61.8,None,Low,71.8,1
STUD11007,Female,14,Public,Associate,4.6,94.3,No,Yes,90.8,None,High,86.3,1
STUD11008,Male,19,Public,Bachelor,3.6,95.9,Yes,Yes,67.8,None,Middle,63.6,1
STUD11009,Female,17,Public,Bachelor,1.4,79.5,No,Yes,43.1,Completed,High,56.0,1
STUD11010,Male,18,Private,Associate,3.2,77.4,Yes,Yes,66.5,None,Middle,67.2,1
STUD11011,Other,18,Public,High School,3.1,82.3,No,No,72.8,Completed,Low,65.9,1
STUD11012,Female,15,Public,High School,3.4,86.0,Yes,No,63.0,Completed,High,74.5,1
STUD11013,Male,15,Public,Bachelor,4.5,88.1,No,Yes,58.8,Completed,High,84.3,1
STUD11014,Female,18,Private,Bachelor,4.9,62.5,Yes,Yes,91.5,None,Middle,88.8,1
STUD11015,Female,18,Private,High School,2.5,75.3,Yes,Yes,47.2,None,Low,50.8,1
STUD11016,Male,17,Private,High School,5.5,81.0,No,No,23.5,Completed,Middle,57.5,1
STUD11017,Female,16,Public,High School,5.8,77.0,No,Yes,89.3,None,Middle,84.8,1
STUD11018,Female,15,Public,Associate,4.1,56.4,Yes,Yes,46.6,None,High,53.3,1
STUD11019,Male,16,Public,Master,4.8,66.1,Yes,No,60.7,None,Low,76.5,1
STUD11020,Female,17,Public,Associate,5.5,71.9,No,Yes,59.3,Completed,Low,68.6,1
STUD11021,Male,18,Public,No Formal Education,1.3,83.8,No,Yes,83.5,None,Middle,53.0,1
STUD11022,Female,19,Public,Bachelor,5.6,80.6,Yes,Yes,86.5,None,Middle,81.0,1
STUD11023,Other,16,Public,High School,1.9,78.7,No,Yes,45.6,None,Low,37.6,0
STUD11024,Female,18,Public,High School,2.1,93.0,Yes,Yes,85.4,None,Middle,64.3,1
STUD11025,Male,18,Private,High School,3.9,93.0,No,Yes,85.1,None,Middle,80.8,1
STUD11026,Female,14,Public,Associate,0.0,86.5,Yes,Yes,65.3,Completed,Middle,55.9,1
STUD11027,Female,16,Private,Bachelor,3.9,86.2,No,Yes,79.0,Completed,Middle,84.0,1
STUD11028,Male,19,Public,High School,5.5,76.4,Yes,Yes,80.5,Completed,Middle,89.5,1
STUD11029,Female,16,Public,Bachelor,0.2,77.6,No,Yes,61.2,None,Middle,56.4,1
STUD11030,Male,18,Public,Bachelor,5.7,67.9,Yes,No,62.6,Completed,High,84.5,1
STUD11031,Female,19,Public,Master,2.1,82.5,Yes,Yes,73.8,None,Low,68.5,1
STUD11032,Male,17,Public,High School,3.9,92.9,Yes,Yes,40.6,None,Middle,55.3,1
STUD11033,Male,14,Public,No Formal Education,2.4,98.5,No,Yes,59.7,None,High,57.4,1
STUD11034,Male,18,Public,Bachelor,4.6,82.6,No,No,47.0,None,Middle,65.9,1
STUD11035,Female,15,Public,High School,5.5,89.9,No,Yes,86.4,None,Middle,77.4,1
STUD11036,Male,15,Public,Associate,4.8,56.4,No,Yes,59.5,None,Middle,61.9,1
STUD11037,Female,14,Private,High School,3.5,80.7,No,No,69.1,None,Middle,60.2,1
STUD11038,Male,17,Private,Associate,2.5,80.4,No,Yes,61.7,Completed,Middle,69.0,1
STUD11039,Male,18,Private,No Formal Education,3.4,99.9,Yes,No,60.7,None,Middle,65.2,1
STUD11040,Female,16,Public,Master,4.8,88.9,No,No,68.2,None,Middle,89.9,1
STUD11041,Female,14,Private,Associate,4.9,89.9,Yes,No,54.0,None,Low,61.0,1
STUD11042,Male,17,Private,Bachelor,4.6,89.4,No,Yes,62.0,None,High,71.4,1
STUD11043,Female,16,Public,Associate,0.9,85.5,No,Yes,61.9,None,Middle,54.0,1
STUD11044,Female,15,Private,Bachelor,3.5,100.0,No,No,58.7,Completed,Middle,66.0,1
STUD11045,Female,15,Public,Master,2.2,61.9,No,Yes,70.9,None,High,69.9,1
STUD11046,Male,16,Private,Associate,4.8,86.5,No,Yes,58.3,Completed,Middle,70.3,1
STUD11047,Male,14,Private,No Formal Education,2.0,96.3,No,Yes,89.2,Completed,Middle,66.9,1
STUD11048,Female,15,Public,Associate,4.4,66.1,Yes,Yes,74.4,None,High,82.5,1
STUD11049,Male,18,Public,Bachelor,2.9,93.4,Yes,Yes,44.8,None,Middle,47.6,0
STUD11050,Female,19,Private,No Formal Education,0.0,77.4,No,Yes,73.3,Completed,Middle,53.4,1
STUD11051,Female,16,Public,Master,5.4,86.1,No,Yes,54.7,None,High,72.9,1
STUD11052,Female,16,Public,Associate,3.4,77.2,Yes,Yes,67.0,None,Low,68.4,1
STUD11053,Female,15,Private,Master,6.1,94.6,Yes,Yes,54.0,None,Low,81.7,1
STUD11054,Other,14,Public,Bachelor,0.2,82.1,Yes,Yes,32.1,None,High,29.6,0
STUD11055,Male,18,Public,Bachelor,2.9,93.5,Yes,Yes,64.7,None,Middle,67.4,1
STUD11056,Female,14,Public,Bachelor,3.1,89.4,No,Yes,43.5,Completed,High,63.4,1
STUD11057,Male,17,Public,Associate,4.0,77.1,No,Yes,71.3,None,Low,51.9,1
STUD11058,Male,17,Public,Bachelor,0.8,90.0,No,Yes,67.6,Completed,Low,60.4,1
STUD11059,Female,19,Public,Bachelor,4.6,78.4,No,Yes,55.9,Completed,Low,62.9,1
STUD11060,Female,15,Public,Bachelor,7.3,85.6,No,Yes,92.4,None,Middle,89.3,1
STUD11061,Other,15,Public,Associate,4.4,81.9,Yes,Yes,46.4,None,Middle,57.3,1
STUD11062,Female,15,Private,Bachelor,3.7,94.0,No,Yes,55.6,Completed,Middle,63.5,1
STUD11063,Male,19,Public,High School,0.7,90.4,No,Yes,48.2,Completed,Low,41.6,0
STUD11064,Male,17,Public,High School,2.0,84.7,Yes,Yes,95.6,None,Middle,75.9,1
STUD11065,Female,14,Public,High School,3.4,78.1,No,No,85.3,None,Middle,77.8,1
STUD11066,Male,19,Public,Bachelor,2.4,72.3,Yes,Yes,43.7,None,Low,48.4,0
STUD11067,Male,19,Public,High School,5.6,86.4,Yes,No,52.6,Completed,High,81.6,1
STUD11068,Male,14,Public,High School,4.6,78.7,Yes,Yes,53.1,None,Low,53.4,1
STUD11069,Male,15,Private,Associate,8.9,66.2,No,Yes,56.7,Completed,Middle,83.1,1
STUD11070,Male,18,Public,Associate,1.5,71.7,Yes,Yes,49.4,Completed,High,68.7,1
STUD11071,Male,14,Public,Bachelor,3.6,100.0,No,Yes,55.9,None,Middle,56.8,1
STUD11072,Male,17,Public,No Formal Education,0.7,78.4,Yes,Yes,80.1,None,Low,42.8,0
STUD11073,Male,16,Public,High School,0.0,95.8,No,Yes,94.2,Completed,Middle,76.9,1
STUD11074,Other,16,Public,Master,4.9,81.4,No,Yes,41.8,Completed,High,71.1,1
STUD11075,Male,19,Public,Master,4.5,97.4,No,Yes,49.4,None,Middle,64.6,1
STUD11076,Male,16,Public,Bachelor,1.8,96.7,No,Yes,68.2,Completed,Middle,60.9,1
STUD11077,Female,18,Private,Bachelor,3.7,76.7,Yes,Yes,41.3,Completed,High,63.6,1
STUD11078,Male,15,Public,Bachelor,2.2,65.1,Yes,No,68.6,None,High,66.9,1
STUD11079,Female,17,Public,Bachelor,2.5,66.0,No,Yes,73.1,Completed,Middle,67.6,1
STUD11080,Female,18,Public,Master,2.9,76.9,Yes,Yes,75.5,Completed,Middle,68.9,1
STUD11081,Male,17,Public,High School,1.7,100.0,Yes,Yes,72.7,None,High,67.1,1
STUD11082,Male,17,Public,High School,2.1,80.9,No,Yes,57.0,None,Middle,49.7,0
STUD11083,Female,15,Public,High School,2.1,86.5,No,Yes,62.3,None,Middle,60.7,1
STUD11084,Female,19,Public,High School,4.3,98.0,No,Yes,47.3,None,Low,51.0,1
STUD11085,Male,16,Public,Bachelor,0.0,86.1,No,Yes,72.0,None,Low,54.7,1
STUD11086,Female,15,Public,High School,3.0,85.8,No,No,89.1,None,High,93.5,1
STUD11087,Male,18,Public,Associate,1.3,91.2,No,Yes,71.9,None,Middle,54.5,1
STUD11088,Other,19,Public,High School,1.4,87.9,No,No,54.6,Completed,High,53.0,1
STUD11089,Male,18,Public,High School,2.4,84.0,Yes,No,79.9,None,Middle,67.8,1
STUD11090,Female,19,Public,Master,3.5,77.8,No,No,100.0,None,Middle,67.9,1
STUD11091,Female,18,Private,High School,3.1,85.8,No,Yes,68.6,None,Middle,55.3,1
STUD11092,Female,15,Public,Master,1.4,95.9,No,Yes,73.3,None,Low,66.3,1
STUD11093,Female,19,Private,Master,4.9,100.0,No,Yes,75.2,None,High,86.1,1
STUD11094,Male,19,Public,High School,1.7,87.9,No,Yes,40.9,None,Middle,51.2,1
STUD11095,Male,17,Public,High School,2.0,92.6,No,Yes,58.8,Completed,Middle,57.5,1
STUD11096,Male,17,Public,Bachelor,4.1,87.7,Yes,Yes,57.3,Completed,Low,66.6,1
STUD11097,Male,14,Public,High School,4.1,84.1,Yes,Yes,77.5,None,High,73.8,1
STUD11098,Female,18,Public,High School,2.3,90.1,No,Yes,75.8,Completed,High,70.1,1
STUD11099,Male,17,Private,High School,0.0,96.9,No,Yes,63.2,Completed,Middle,46.7,0
STUD11100,Male,14,Public,High School,1.7,76.1,Yes,Yes,56.4,Completed,Middle,54.3,1
STUD11101,Female,17,Private,Bachelor,3.8,70.5,No,Yes,39.7,Completed,Middle,50.3,1
STUD11102,Female,18,Public,Master,4.9,79.7,Yes,Yes,64.8,None,Middle,68.7,1
STUD11103,Female,19,Private,Bachelor,3.3,87.1,No,Yes,50.7,Completed,Low,56.1,1
STUD11104,Other,16,Public,High School,2.5,93.7,No,Yes,48.8,Completed,Middle,58.8,1
STUD11105,Male,18,Private,High School,8.1,75.1,No,Yes,78.9,Completed,Low,87.7,1
STUD11106,Male,15,Public,Associate,2.8,60.1,Yes,Yes,77.3,None,Middle,69.9,1
STUD11107,Female,17,Public,Bachelor,4.7,79.9,No,Yes,57.7,Completed,Middle,65.1,1
STUD11108,Female,17,Public,Associate,0.8,83.1,No,Yes,41.5,None,Middle,42.5,0
STUD11109,Male,19,Private,Bachelor,1.3,73.4,No,Yes,52.6,Completed,Low,60.4,1
STUD11110,Female,15,Public,Master,4.8,77.4,No,Yes,79.9,None,Middle,89.0,1
STUD11111,Male,19,Private,Bachelor,5.6,93.7,No,Yes,72.0,None,Middle,73.5,1
STUD11112,Male,15,Public,Bachelor,2.7,85.8,No,Yes,57.9,Completed,Middle,57.9,1
STUD11113,Female,16,Private,Bachelor,0.0,88.5,Yes,Yes,65.9,None,Middle,66.8,1
STUD11114,Female,17,Private,Bachelor,3.2,81.4,No,Yes,33.9,None,High,56.7,1
STUD11115,Female,17,Private,High School,3.9,77.5,No,Yes,32.7,None,Low,43.3,0
STUD11116,Male,16,Public,Bachelor,3.7,81.4,No,Yes,94.7,None,High,84.6,1
STUD11117,Female,14,Public,Associate,2.4,90.0,Yes,Yes,72.6,None,Middle,69.3,1
STUD11118,Male,19,Private,Associate,3.2,70.1,Yes,Yes,65.0,None,Middle,64.8,1
STUD11119,Male,16,Public,Bachelor,2.0,100.0,Yes,Yes,59.0,None,Middle,60.3,1
STUD11120,Female,19,Public,Bachelor,1.3,90.7,No,Yes,38.6,Completed,Middle,48.7,0
STUD11121,Female,18,Public,High School,5.0,79.6,No,Yes,79.9,Completed,Middle,75.5,1
STUD11122,Female,17,Private,Master,3.7,93.1,No,Yes,47.9,None,Middle,64.4,1
STUD11123,Female,19,Public,Bachelor,3.2,97.2,No,Yes,75.6,None,Middle,69.6,1
STUD11124,Female,15,Public,No Formal Education,2.5,81.7,Yes,Yes,67.0,None,High,53.2,1
STUD11125,Female,19,Private,Bachelor,3.1,82.8,No,Yes,64.2,None,Low,70.9,1
STUD11126,Male,18,Public,Bachelor,3.8,99.9,No,Yes,45.5,None,Low,58.5,1
STUD11127,Male,17,Private,Master,7.0,100.0,Yes,Yes,45.7,None,Low,86.0,1
STUD11128,Male,16,Public,Associate,4.8,85.3,No,Yes,70.8,None,Low,59.1,1
STUD11129,Male,18,Public,Bachelor,2.2,73.4,No,Yes,66.2,None,Middle,51.9,1
STUD11130,Female,17,Public,Bachelor,2.2,80.3,No,Yes,65.7,None,Middle,64.5,1
STUD11131,Female,19,Public,No Formal Education,1.9,95.3,Yes,No,69.3,Completed,Middle,60.9,1
STUD11132,Male,14,Private,High School,3.1,74.7,No,Yes,35.9,Completed,Low,38.3,0
STUD11133,Male,14,Public,Associate,1.9,82.9,No,Yes,80.2,None,Middle,73.1,1
STUD11134,Female,15,Public,High School,4.4,87.9,No,Yes,59.7,None,Middle,59.8,1
STUD11135,Male,17,Public,Associate,0.0,75.8,Yes,Yes,82.5,Completed,High,74.6,1
STUD11136,Female,14,Public,Master,4.6,96.0,Yes,Yes,34.9,Completed,High,69.6,1
STUD11137,Female,16,Public,Bachelor,4.1,91.9,No,No,73.5,None,High,73.1,1
STUD11138,Female,17,Public,Associate,6.0,100.0,No,Yes,73.4,None,Middle,78.7,1
STUD11139,Female,16,Public,High School,5.3,92.8,No,Yes,42.7,None,Middle,69.3,1
STUD11140,Female,16,Private,High School,2.1,75.4,Yes,Yes,55.4,None,Low,48.4,0
STUD11141,Male,14,Public,Bachelor,5.0,90.3,Yes,Yes,49.1,None,Middle,74.4,1
STUD11142,Female,17,Public,Bachelor,3.2,94.9,No,No,77.9,Completed,Low,83.1,1
STUD11143,Female,19,Public,Master,0.0,95.4,No,Yes,69.6,None,High,63.4,1
STUD11144,Male,18,Private,High School,3.8,77.2,No,Yes,89.0,None,Middle,73.8,1
STUD11145,Female,14,Public,High School,2.3,76.0,No,Yes,68.0,Completed,Middle,59.0,1
STUD11146,Female,14,Public,High School,3.5,73.6,No,Yes,76.0,Completed,Low,68.8,1
STUD11147,Female,19,Public,High School,6.8,100.0,Yes,Yes,82.6,Completed,Middle,100.0,1
STUD11148,Female,17,Private,Bachelor,3.9,91.2,Yes,Yes,73.3,None,Middle,69.1,1
STUD11149,Female,17,Public,Associate,1.5,76.8,No,Yes,59.2,Completed,Middle,57.3,1
STUD11150,Female,16,Private,Associate,5.4,86.3,Yes,Yes,56.4,None,Middle,72.1,1
STUD11151,Female,19,Public,Associate,4.2,83.8,Yes,Yes,63.8,None,Low,55.6,1
STUD11152,Female,19,Public,High School,1.2,75.3,No,Yes,76.9,None,Middle,53.0,1
STUD11153,Female,17,Private,Bachelor,0.3,85.4,No,Yes,53.5,None,Middle,44.9,0
STUD11154,Female,16,Public,High School,1.5,86.9,Yes,Yes,74.8,Completed,High,74.4,1
STUD11155,Female,14,Private,High School,5.2,100.0,Yes,Yes,69.8,None,Middle,83.3,1
STUD11156,Male,15,Private,Bachelor,2.9,78.4,Yes,Yes,46.2,None,Middle,45.1,0
STUD11157,Female,18,Private,High School,3.7,67.9,No,Yes,74.1,Completed,High,76.3,1
STUD11158,Female,14,Public,High School,0.8,74.5,Yes,Yes,67.1,None,Middle,56.7,1
STUD11159,Male,17,Private,Associate,5.2,76.1,Yes,Yes,56.7,None,Middle,71.8,1
STUD11160,Female,18,Public,Bachelor,0.0,80.7,No,Yes,66.9,Completed,Middle,57.5,1
STUD11161,Male,15,Private,Bachelor,2.2,74.5,Yes,Yes,57.3,None,Middle,64.1,1
STUD11162,Male,15,Public,High School,4.3,93.2,Yes,Yes,68.7,None,Middle,79.2,1
STUD11163,Female,16,Private,High School,1.3,73.8,Yes,No,62.5,None,Middle,43.4,0
STUD11164,Male,18,Public,Associate,4.7,85.2,Yes,Yes,42.1,None,Middle,60.6,1
STUD11165,Female,16,Public,High School,1.8,100.0,Yes,Yes,62.9,Completed,Low,59.1,1
STUD11166,Female,14,Public,Bachelor,1.0,90.5,Yes,Yes,58.4,Completed,High,60.9,1
STUD11167,Female,19,Private,High School,6.1,89.5,No,Yes,74.5,None,Middle,76.8,1
STUD11168,Male,19,Public,Bachelor,3.8,100.0,Yes,Yes,78.2,None,Middle,81.4,1
STUD11169,Male,19,Public,High School,4.5,97.5,No,Yes,57.4,None,Middle,58.4,1
STUD11170,Female,18,Private,Associate,5.5,90.7,No,Yes,53.2,Completed,Middle,75.8,1
STUD11171,Other,19,Public,Associate,0.0,81.9,No,Yes,39.8,None,High,40.1,0
STUD11172,Female,14,Public,Associate,4.8,84.8,Yes,Yes,52.8,Completed,High,78.8,1
STUD11173,Male,16,Public,High School,2.0,84.3,Yes,Yes,60.2,Completed,Middle,56.2,1
STUD11174,Female,18,Public,Associate,2.2,81.0,No,Yes,44.9,None,High,49.4,0
STUD11175,Female,16,Public,Bachelor,4.4,87.1,No,Yes,78.4,Completed,Low,72.5,1
STUD11176,Female,18,Public,Bachelor,2.8,88.5,No,Yes,68.9,Completed,High,70.7,1
STUD11177,Male,16,Public,Master,4.7,72.6,Yes,Yes,63.2,Completed,Middle,71.1,1
STUD11178,Female,15,Public,High School,3.4,100.0,No,No,64.7,Completed,Middle,71.6,1
STUD11179,Female,16,Private,High School,3.8,89.1,Yes,No,69.6,None,Low,73.1,1
STUD11180,Female,19,Public,Master,2.5,82.4,No,Yes,74.5,None,Middle,72.1,1
STUD11181,Male,15,Public,High School,1.4,87.2,No,Yes,77.1,Completed,Low,61.1,1
STUD11182,Female,16,Private,Bachelor,2.0,94.3,Yes,Yes,60.4,None,High,70.0,1
STUD11183,Female,18,Public,Bachelor,3.3,70.3,No,Yes,62.9,None,High,66.5,1
STUD11184,Male,18,Public,Associate,7.2,83.9,No,No,67.6,None,Low,78.6,1
STUD11185,Female,18,Private,No Formal Education,6.4,73.1,No,Yes,62.3,Completed,Low,64.5,1
STUD11186,Female,17,Private,Associate,2.2,100.0,No,Yes,78.1,None,High,78.9,1
STUD11187,Male,14,Private,High School,3.6,86.4,No,Yes,83.4,None,Middle,58.0,1
STUD11188,Male,18,Private,High School,2.9,73.2,No,Yes,70.2,Completed,Low,48.5,0
STUD11189,Female,15,Private,Bachelor,3.8,100.0,Yes,Yes,51.4,None,Middle,73.1,1
STUD11190,Male,18,Public,High School,4.0,79.6,No,Yes,72.6,None,Middle,67.0,1
STUD11191,Female,17,Private,High School,4.6,82.9,Yes,Yes,70.8,None,Low,74.9,1
STUD11192,Male,19,Public,Bachelor,0.0,83.6,No,Yes,50.1,Completed,Middle,45.1,0
STUD11193,Female,15,Private,Bachelor,4.2,76.5,Yes,Yes,70.7,Completed,Middle,86.5,1
STUD11194,Male,17,Public,No Formal Education,2.7,87.5,No,Yes,56.8,Completed,Low,50.9,1
STUD11195,Female,19,Public,High School,2.1,62.9,No,Yes,76.2,None,High,65.8,1
STUD11196,Other,15,Public,High School,5.1,95.9,No,Yes,72.5,Completed,Middle,76.1,1
STUD11197,Female,16,Private,High School,6.4,73.7,No,No,68.3,None,Middle,69.1,1
STUD11198,Female,14,Public,Associate,4.9,80.8,No,Yes,65.6,None,Low,57.1,1
STUD11199,Male,14,Private,Associate,2.5,92.5,No,Yes,33.0,Completed,Low,51.7,1
